Site,Sample,ID,d13C VPDB (Final),d18O VPDB (Final),D47 I-CDES (Final)
13MC,13MC-G_Cpachyderma350,2017-09-16 00:54,0.62,1.68,0.706
,,2017-09-25 15:37,0.63,1.7,0.656
,,2017-09-25 16:41,0.54,1.56,0.651
,,2017-09-25 17:55,0.54,1.8,0.703
,,2017-09-25 22:23,0.58,1.69,0.637
,,2017-10-10 20:56,0.73,1.62,0.698
,,2017-10-10 23:48,0.67,1.58,0.632
,,2017-10-11 06:05,0.75,1.66,0.677
,,2017-10-11 12:28,0.67,1.74,0.682
,,2017-10-11 14:16,0.55,1.67,0.672
,,2017-10-12 00:05,0.64,1.55,0.68
,,2017-10-12 01:09,0.41,-0.21,0.632
,,2017-10-12 07:57,0.62,1.64,0.643
,,2017-10-12 15:03,0.53,1.68,0.617
,13MC-G_Helegans,2017-01-12 22:06,1.82,2.42,0.647
,13MC-G_Helegans350,2017-09-15 23:24,1.87,2.62,0.75
,,2017-09-16 01:25,1.87,2.51,0.742
,,2017-09-25 17:13,1.93,2.56,0.725
,,2017-09-25 21:50,1.96,2.55,0.601
,,2017-10-06 01:52,2.04,2.58,0.657
,,2017-10-06 03:14,1.93,2.58,0.708
,,2017-10-07 15:32,2.14,2.57,0.65
,,2017-10-10 20:25,1.99,2.84,0.679
,,2017-10-11 03:45,2,2.76,0.696
,,2017-10-11 10:53,1.96,2.83,0.646
,,2017-10-11 13:01,1.9,2.78,0.66
,,2018-01-20 21:05,1.82,2.81,0.614
,,2018-01-21 01:45,1.76,2.98,0.678
,,2018-01-21 06:58,1.68,2.76,0.587
,13MC-G_Lconvergens350,2018-01-05 00:00,0.04,1.76,0.629
,,2018-01-05 01:10,-0.22,1.51,0.646
,,2018-01-05 05:17,0.02,1.71,0.656
,,2018-01-05 06:25,-0.11,1.85,0.632
,,2018-01-05 07:32,0.01,1.93,0.67
,,2018-01-07 20:13,-0.06,1.6,0.64
,,2018-01-07 22:29,0.03,1.73,0.67
,,2018-01-08 02:35,0.03,1.64,0.693
,,2018-01-08 05:38,-0.17,1.83,0.583
,13MC-G_Lenticulinaiota350,2017-10-05 19:15,0.06,1.41,0.629
,,2017-10-05 20:20,-0.58,1.25,0.595
,,2017-10-05 21:24,-0.2,1.31,0.632
,,2017-10-06 00:48,0.06,1.41,0.675
,,2018-01-20 19:24,0.46,1.68,0.63
,,2018-01-20 20:31,0.33,1.65,0.669
,,2018-01-20 21:39,0.24,1.65,0.653
,,2018-01-21 02:52,0.42,1.75,0.62
,,2018-01-21 05:49,0.12,1.44,0.634
,,2018-01-21 07:59,0.13,1.66,0.682
,13MC-G_Pserata350,2017-10-10 22:32,0.22,2.49,0.643
,,2017-10-11 11:25,0.65,2.56,0.674
,,2017-10-11 13:44,0.48,2.46,0.677
,,2017-10-12 06:22,0.63,2.63,0.74
,,2017-10-12 12:12,0.51,2.39,0.607
,,2018-01-04 22:52,0.64,2.64,0.665
,,2018-01-05 04:42,0.77,2.57,0.615
,,2018-01-05 06:58,0.52,2.47,0.655
,,2018-01-07 19:39,0.57,2.49,0.643
,,2018-01-08 02:00,0.65,2.63,0.611
,13MC-G_Uperegina350,2017-09-16 00:24,0.12,1.78,0.726
,,2017-09-25 16:10,0.08,1.82,0.647
,,2017-09-25 18:27,0.1,1.76,0.695
,,2017-09-25 19:00,0.1,1.82,0.609
,,2017-10-10 23:16,0.05,1.85,0.67
,,2017-10-11 07:10,0.09,1.86,0.678
,,2017-10-11 11:56,0.16,1.87,0.694
,,2017-10-11 23:33,0.08,1.84,0.631
,,2017-10-12 01:41,0.13,1.81,0.651
,,2017-10-12 05:38,0.11,1.84,0.664
,,2017-10-12 09:01,0.18,1.85,0.645
,,2017-10-12 12:44,0.09,1.85,0.63
,,2018-01-04 21:45,0.02,1.85,0.659
,,2018-01-05 00:34,0.04,1.93,0.668
,,2018-01-05 05:50,-0.04,1.79,0.615
,13MC-G_univ,2016-11-29 19:06,-0.16,1.98,0.68
,,2016-11-29 21:44,-0.14,2.05,0.689
,,2016-11-30 01:34,-0.37,2.79,0.675
,,2016-11-30 03:36,-0.17,2.1,0.639
,,2016-11-30 05:37,-0.12,1.99,0.662
,,2016-12-01 20:08,-0.1,2.05,0.627
,,2016-12-01 20:38,0.02,1.96,0.689
,,2016-12-02 02:48,0.04,1.97,0.664
,,2016-12-02 04:20,-0.19,2.06,0.641
,,2016-12-02 05:22,0.01,2.04,0.625
,,2016-12-04 20:10,-0.08,1.92,0.69
,,2016-12-05 04:46,-0.11,1.85,0.665
,,2016-12-06 05:00,-0.07,2,0.652
,,2017-04-08 17:11,-0.12,1.92,0.694
,,2017-04-08 19:47,-0.18,1.82,0.661
,,2017-04-09 02:20,1.28,-1.63,0.602
,,2017-04-09 07:18,-0.03,2.06,0.639
,,2017-04-09 08:21,-0.03,2.09,0.646
,,2017-05-27 15:40,-0.02,1.92,0.676
,,2017-05-29 18:02,-0.06,1.9,0.615
,,2017-05-29 19:34,0.05,1.83,0.682
,,2017-05-29 20:44,-0.27,2.04,0.804
,,2017-05-29 23:57,-0.07,1.96,0.66
,,2017-05-30 00:57,-0.22,1.9,0.637
,,2017-05-30 01:58,0.01,1.85,0.612
,,2017-06-11 19:24,0.9,0.5,0.723
,,2017-06-11 20:26,1.98,0.21,0.675
,,2017-06-11 23:40,0.22,0.18,0.679
,,2017-06-12 01:22,2.04,0.18,0.672
,,2017-06-12 01:53,0.85,0.56,0.614
,,2017-06-12 03:28,0.2,0.13,0.614
,,2017-06-12 06:11,0.78,0.54,0.656
,,2017-06-12 08:55,2.02,0.16,0.608
19MC,19MC-G_Amphisterigina_radiata350,2017-10-05 19:48,0,-0.58,0.589
,,2017-10-05 20:52,0.37,-0.35,0.609
,,2017-10-05 21:56,0.02,-0.19,0.658
,,2017-10-11 00:20,0.42,0.07,0.636
,,2017-10-11 05:21,0.35,-0.43,0.593
,,2017-10-12 02:58,0.48,-0.21,0.608
,,2017-10-12 06:53,0.57,-0.11,0.619
,,2017-10-12 08:29,0.37,-0.18,0.626
,,2017-10-12 09:44,0.64,-0.23,0.601
,,2017-10-12 13:59,0.6,-0.09,0.606
,,2017-10-12 18:28,-0.05,-0.65,0.617
,,2018-01-14 19:10,0.01,-0.42,0.607
,,2018-01-14 22:01,0.07,-0.25,0.675
,,2018-01-15 02:11,0.24,-0.19,0.619
,,2018-01-15 04:34,0.1,-0.44,0.629
,19MC-G_Helegans,2017-01-13 03:30,2,1.7,0.698
,19MC-G_Lenticulinaconvergens350,2017-10-13 00:57,0.21,0.33,0.631
,,2017-10-13 08:49,-0.07,0.49,0.621
,,2017-10-13 10:25,-0.16,0.16,0.657
,,2017-10-13 13:49,0.3,0.17,0.637
,,2017-10-13 17:14,-0.42,0.3,0.667
,,2018-01-14 20:53,-0.97,0.67,0.725
,,2018-01-14 22:38,-0.96,0.46,0.642
,,2018-01-15 03:20,-0.86,0.56,0.604
,,2018-01-15 05:07,-0.9,0.43,0.654
,,2018-01-15 17:45,-0.9,0.05,0.672
,,2018-01-15 19:29,-0.96,0.13,0.662
,,2018-01-16 01:16,-0.8,0.01,0.633
,,2018-01-16 07:08,-0.89,0.11,0.714
,19MC-G_Lenticulinaiota350,2017-10-11 03:12,0.12,0.97,0.651
,,2017-10-11 04:16,0.29,1.06,0.647
,,2017-10-11 06:37,0.37,0.96,0.646
,,2017-10-11 10:21,0.25,1.1,0.639
,,2017-10-12 00:37,0.16,1,0.651
,,2017-10-12 02:14,0.02,1.1,0.616
,,2017-10-12 07:25,0.38,1.1,0.65
,,2017-10-12 14:31,0.13,0.96,0.64
,,2017-10-12 15:36,-0.06,1.01,0.643
,,2018-01-14 19:43,-0.03,0.88,0.692
,,2018-01-14 21:28,0.15,1.06,0.669
,,2018-01-15 01:37,-0.06,0.92,0.655
,,2018-01-15 04:01,0.17,1.06,0.698
,19MC-G_pyrgo,2016-11-29 17:34,0.63,1.46,0.578
,,2016-11-30 02:03,0.53,1.65,0.637
,,2016-11-30 04:06,0.69,1.72,0.688
,,2017-06-04 00:14,0.99,0.86,0.648
,,2017-06-04 05:44,1,0.97,0.593
50MC,50MC-G_Cpachy355,2017-03-26 22:20,0.73,1.2,0.652
,,2017-03-26 23:51,0.21,1.23,0.652
,,2017-03-28 16:02,0.3,1.32,0.622
,,2017-03-28 18:34,0.3,1.35,0.658
,,2017-03-29 00:02,0.2,1.11,0.642
,,2017-03-29 15:23,0.61,1.17,0.594
,,2017-03-29 15:54,0.84,1.35,0.617
,,2017-03-29 16:54,0.68,1.33,0.657
,,2017-03-29 17:54,0.54,1.3,0.651
,,2017-03-29 18:23,0.7,1.27,0.598
,,2017-03-29 21:44,0.59,1.23,0.611
,,2017-03-29 22:44,0.69,1.23,0.676
,,2017-03-29 23:15,0.73,1.25,0.691
,,2017-03-29 23:44,0.7,1.35,0.679
,,2017-03-30 03:06,0.66,1.3,0.679
,,2017-03-30 03:37,0.88,1.27,0.64
,,2017-03-30 04:07,0.57,1.14,0.664
,,2017-03-30 05:06,0.79,1.38,0.663
,,2017-03-30 05:37,0.59,1.19,0.649
,,2017-04-06 05:30,0.12,1.19,0.669
,,2017-06-03 22:09,0.43,1.2,0.705
,,2017-06-03 22:41,0.7,1.23,0.709
,,2017-06-04 00:56,0.71,1.22,0.734
,,2017-06-04 05:13,0.51,1.26,0.634
,,2017-06-04 06:15,0.88,1.24,0.669
,,2017-06-04 06:46,0.63,1.21,0.66
,,2017-06-04 07:48,0.53,1.25,0.664
,,2017-06-04 11:06,0.48,1.14,0.631
,,2017-06-04 11:37,0.57,1.32,0.708
,,2017-06-04 12:49,0.78,1.25,0.644
,,2017-06-04 13:20,0.47,1.2,0.632
,,2017-06-04 14:23,0.6,1.18,0.637
,,2017-06-11 18:23,0.57,1.28,0.678
,50MC-G_Lenticulina_convergens355,2017-06-03 21:08,-0.54,1.16,0.723
,,2017-06-03 23:12,-0.83,1.02,0.662
,,2017-06-03 23:43,0.45,1.17,0.699
,,2017-06-04 01:27,-0.92,1,0.706
,,2017-06-04 04:02,-0.7,1.08,0.68
,,2017-06-04 04:42,-0.62,1.12,0.65
,,2017-06-04 07:17,-0.84,1.04,0.643
,,2017-06-04 10:34,-0.53,1.02,0.629
,,2017-06-04 12:18,-0.55,1.31,0.69
,,2017-06-04 13:52,-0.83,1.06,0.666
,,2017-06-04 14:54,-0.5,1.14,0.644
,50MC-G_pyrgospp,2018-01-07 21:54,0.84,1.26,0.61
,,2018-01-07 23:03,0.83,1.39,0.599
,,2018-01-08 04:28,0.73,1.44,0.629
53MC,53MC-G_Cpachyderma355,2017-01-16 15:36,0.75,1.51,0.619
,,2017-01-16 17:42,0.59,1.64,0.672
,,2017-01-20 07:07,0.73,1.34,0.646
,,2017-01-25 03:19,0.48,1.42,0.646
,,2017-01-25 09:38,0.44,1.44,0.667
,,2017-01-25 11:45,0.7,1.34,0.643
,,2017-01-25 22:50,0.5,1.47,0.612
,,2017-01-26 04:51,0.42,1.33,0.706
,,2017-01-26 10:19,0.51,1.35,0.617
,,2017-01-26 22:23,0.53,1.54,0.705
,,2017-02-02 08:20,0.77,1.51,0.676
,,2017-02-10 15:32,0.44,1.44,0.647
,,2017-02-10 21:25,0.63,1.36,0.62
,,2017-02-11 03:43,0.3,1.36,0.614
,53MC-G_Lenticulinaiota355,2017-01-16 16:42,-0.69,1.05,0.663
,,2017-01-16 19:15,-0.57,1.08,0.605
,,2017-01-16 23:06,-0.61,1.12,0.631
,,2017-01-17 01:44,-0.55,1.17,0.661
,,2017-01-17 05:09,-0.63,1.12,0.629
,,2017-01-17 07:01,-0.52,1.17,0.663
,,2017-01-25 03:52,-0.23,1.51,0.686
,,2017-01-25 10:12,-0.13,1.46,0.666
,,2017-01-25 12:15,-0.09,1.48,0.609
,,2017-01-25 23:21,0.07,1.52,0.715
,,2017-01-25 23:52,0.5,1.75,0.673
,,2017-01-26 05:22,0.02,1.54,0.687
,,2017-01-26 06:25,0.41,1.75,0.676
,,2017-01-26 09:48,0.41,1.91,0.67
,,2017-01-26 10:50,0.09,1.58,0.687
,,2017-01-26 11:21,0.06,1.58,0.692
,,2017-01-26 12:25,0.45,1.82,0.646
,,2017-02-01 18:51,0.33,1.53,0.652
,,2017-02-01 19:23,-0.72,1.41,0.675
,,2017-02-01 21:00,0.23,1.56,0.655
,,2017-02-01 21:31,0.36,1.55,0.644
,,2017-02-02 01:29,0.3,1.48,0.657
,,2017-02-02 02:00,-0.7,1.38,0.629
,,2017-02-02 03:41,-0.76,1.51,0.707
,,2017-02-02 07:46,0.33,1.47,0.634
,,2017-02-02 08:51,-0.46,1.4,0.658
,,2017-02-02 09:57,-0.75,1.63,0.625
,,2017-02-02 10:31,0.2,1.52,0.695
,,2017-02-10 16:02,-0.51,1.17,0.65
,,2017-02-10 17:04,-0.54,1.42,0.667
,,2017-02-10 18:04,-0.37,1.2,0.631
,,2017-02-10 21:54,-0.59,1.08,0.595
,,2017-02-10 23:21,-0.21,1.18,0.649
,,2017-02-11 04:14,-0.41,1.26,0.632
,,2017-02-11 05:47,-0.35,1.35,0.633
,,2017-02-11 06:18,-0.5,1.18,0.667
,,2017-02-12 17:43,0.04,1.36,0.665
,,2017-02-12 18:45,0.09,1.45,0.628
,,2017-02-12 20:49,0.04,1.5,0.676
,,2017-02-13 13:30,-0.08,1.45,0.647
,,2017-02-13 15:02,0.18,1.47,0.637
,,2017-02-16 05:22,0.01,1.42,0.66
,,2017-02-16 07:57,0.24,1.43,0.677
,53MC-G_lenticulinaconvergens355,2017-01-16 18:12,0.37,1.47,0.684
,,2017-01-16 22:04,0.23,1.51,0.641
,,2017-01-17 04:38,0.28,1.55,0.639
,,2017-01-17 06:31,0.28,1.59,0.668
,,2017-01-24 23:18,-0.29,1.57,0.734
,,2017-01-24 23:49,-0.21,1.61,0.678
,,2017-01-25 04:56,0.4,1.61,0.668
,,2017-01-26 00:23,-0.24,1.55,0.663
,,2017-02-02 03:07,0.06,2,0.615
,,2017-02-10 17:34,-0.19,1.54,0.656
,,2017-02-10 23:51,-0.24,1.53,0.65
,53MC-G_pyrgoserrata355,2017-01-15 21:50,0.67,2.43,0.676
,,2017-01-16 23:38,0.7,2.39,0.695
,,2017-01-17 01:13,0.47,2.33,0.673
,,2017-01-20 05:00,0.49,2.4,0.71
,,2017-01-24 21:40,0.58,2.47,0.755
,,2017-01-25 06:02,0.63,2.35,0.655
,,2017-01-26 22:55,-0.17,2.37,0.806
,,2017-01-27 04:04,-0.49,2.26,0.664
,,2017-01-27 05:15,-0.36,2.45,0.667
,,2017-02-01 18:18,0.67,2.56,0.698
,,2017-02-01 22:03,0.79,2.49,0.698
,,2017-02-02 00:58,0.61,2.53,0.69
,,2017-02-02 04:16,0.73,2.61,0.656
,,2017-02-02 07:14,0.66,2.35,0.698
,,2017-03-15 16:03,0.43,2.57,0.716
,,2017-03-15 17:33,0.3,2.33,0.683
,,2017-03-15 23:57,0.38,2.54,0.652
,,2017-03-16 03:51,0.59,2.44,0.666
,,2017-03-16 18:37,0.33,2.49,0.63
,,2017-03-17 00:32,0.58,2.41,0.657
89MC,89MC-G_Cpachyderma,2017-10-06 01:21,1.33,0.28,0.596
,,2017-10-06 02:36,1.43,0.34,0.697
,,2017-10-07 15:00,1.38,0.23,0.585
,,2017-10-13 03:38,1.17,0.33,0.654
,,2017-10-13 16:41,1.17,0.28,0.583
,89MC-G_Helegans,2017-10-13 01:29,2.34,1.85,0.614
,,2017-10-13 02:01,1.74,1,0.637
,,2017-10-13 03:05,0.98,0.39,0.623
,,2017-10-13 07:01,0.78,0.38,0.575
,,2017-10-13 08:17,2.13,1.35,0.643
,,2017-10-13 11:08,1.09,0.68,0.613
,,2017-10-13 14:22,0.9,0.51,0.618
,,2017-10-13 15:05,2.2,1.37,0.602
,,2017-10-13 15:37,0.84,0.36,0.64
,,2018-01-04 23:27,2.06,1.6,0.64
,,2018-01-05 04:09,2.22,1.63,0.602
,,2018-01-07 20:46,0.4,-2.07,0.572
,,2018-01-07 21:21,0.57,-1.99,0.586
,,2018-01-08 03:12,0.58,-1.64,0.545
,,2018-01-08 05:02,0.54,-1.37,0.589
,,2018-01-15 02:45,1.2,0.59,0.672
,,2018-01-15 18:55,0.28,-1.89,0.596
,,2018-01-15 20:02,1.11,0.68,0.64
,,2018-01-15 20:37,0.45,-2.14,0.632
,,2018-01-15 21:12,1.37,0.74,0.654
,,2018-01-16 00:09,0.82,0.44,0.694
,,2018-01-16 00:42,0.53,-2,0.615
,,2018-01-16 01:50,1.42,0.9,0.601
,,2018-01-16 05:20,0.22,-2.12,0.653
,,2018-01-16 05:54,1,0.62,0.655
,,2018-01-16 06:27,0.53,-1.88,0.693
,89MC-G_Lenticulinaspp,2017-10-13 04:21,0.71,0.28,0.656
,,2017-10-13 07:45,0.78,0.37,0.647
,,2017-10-13 09:21,0.64,0.2,0.609
,,2017-10-13 09:53,0.28,0.1,0.654
,,2017-10-13 16:10,0.95,0.34,0.62
,89MC-G_pyrgo,2016-12-04 19:38,1.47,0.63,0.625
,,2016-12-05 04:14,1.59,1.07,0.648
94MC,94MC-G_Amphistegina_lessoni,2017-02-12 19:46,0.91,-1.24,0.616
,,2017-02-13 14:31,1.96,0.33,0.597
,,2017-02-16 06:54,-0.18,-2.25,0.62
,,2017-03-15 15:32,0.89,-1.83,0.643
,,2017-03-15 21:54,0.39,-1.89,0.566
,,2017-03-16 16:35,0.35,-2.14,0.612
,,2017-03-16 22:30,-0.07,-2.3,0.592
,,2017-03-16 23:31,0.42,-2.12,0.534
,,2017-03-17 05:28,0.56,-1.91,0.636
,,2017-03-17 06:30,0.18,-2.1,0.656
,,2017-04-08 18:13,0,-2.23,0.602
,,2017-04-08 23:43,0.54,-2.1,0.623
,,2017-04-09 01:48,0.02,2.12,0.621
,,2017-04-09 06:47,0.27,-1.94,0.583
,,2017-04-09 08:51,0.15,-2.12,0.578
,,2017-04-09 11:26,0.92,-1.77,0.594
,,2017-05-27 16:41,0.54,-2.13,0.603
,,2017-05-29 20:14,0.4,-2.02,0.614
,,2017-05-30 02:29,0.4,-2.01,0.593
,,2017-05-30 16:10,-0.23,-2.3,0.637
,,2017-05-30 17:11,0.38,-1.99,0.61
,,2017-05-30 18:11,0.24,-2.15,0.572
,,2017-05-30 18:43,0.2,-2.12,0.606
,,2017-05-30 22:52,0.62,-2.05,0.611
,,2017-05-31 00:02,0.02,-2.3,0.635
,,2017-05-31 04:48,0.12,-2.3,0.599
,,2017-05-31 06:59,0.48,-2.13,0.62
,94MC-G_Helegans,2017-01-15 22:49,1.28,0.82,0.601
,,2017-01-16 18:42,1.71,0.92,0.584
,,2017-01-16 22:34,1.64,0.96,0.635
,,2017-01-17 00:39,1.69,0.89,0.649
,,2017-01-20 03:27,1.77,0.74,0.648
,,2017-01-20 06:37,1.5,0.9,0.69
,,2017-01-27 03:30,1.85,0.86,0.598
,,2017-02-12 20:15,1.66,0.84,0.65
,,2017-02-13 14:00,1.37,0.82,0.602
,,2017-02-13 15:33,1.58,0.91,0.581
,,2017-02-16 05:52,1.55,0.9,0.609
,,2017-02-16 07:26,1.33,0.88,0.643
,,2017-03-16 17:36,1.33,0.87,0.63
,,2017-05-29 23:18,1.55,0.74,0.597
,,2017-06-11 19:55,0.87,-0.1,0.638
,,2017-06-11 20:57,0.92,-0.16,0.679
,,2017-06-12 00:42,0.98,-0.13,0.593
,,2017-06-12 02:25,0.95,-0.11,0.608
,,2017-06-12 06:42,1.01,-0.06,0.607
,,2017-06-12 07:44,0.99,-0.14,0.632
,,2017-06-12 09:26,0.9,-0.18,0.568
,94MC-G_gir,2017-01-20 06:04,0.37,-1.93,0.617
,,2017-01-24 22:42,0.44,-2.03,0.657
,,2017-01-25 00:19,0.26,-2.07,0.662
,,2017-01-26 21:17,0.3,-2.15,0.597
,,2017-01-27 06:17,0.3,-2,0.59
,94MC-G_lenticulinaiota,2017-01-15 20:49,0.18,0.17,0.616
,,2017-01-20 04:27,-0.2,0.12,0.677
,,2017-01-25 11:14,-0.42,-0.23,0.591
,94MC-G_umbonatus,2017-01-15 20:19,1.49,0.04,0.614
,,2017-01-20 03:56,1.15,0.16,0.633
,,2017-01-25 06:34,1.09,0.12,0.648
,,2017-01-25 10:42,1.83,0.11,0.635
,,2017-01-26 23:27,1.82,0.11,0.716
,,2017-01-27 04:37,1.32,0.1,0.602
,,2017-01-27 05:46,1.36,0.22,0.628
,94MC-G_uperigini,2017-02-12 18:14,0.43,0.57,0.607
GS06-144-19,GS06-144-19_Melonis_barleanum,2018-01-20 18:16,-2.1,3.97,0.683
,,2018-01-20 19:58,-2.27,4.01,0.707
,,2018-01-21 00:36,-2.22,3.55,0.728
,,2018-01-21 02:18,-2.03,3.98,0.669
,,2018-01-21 06:24,-2.09,4.04,0.684
,,2018-01-24 18:06,-2.21,3.91,0.697
,,2018-01-25 00:26,-2.35,3.7,0.657
,,2018-01-25 06:16,-2.58,3.71,0.676
,,2018-01-31 21:30,-2.02,4,0.668
,,2018-01-31 22:03,-2.66,3.9,0.682
,,2018-02-01 03:18,-2.42,4,0.67
,,2018-02-01 03:59,-2.09,4.03,0.663
,,2018-02-01 09:14,-2.48,3.89,0.664
,,2018-02-03 21:01,-2.37,3.99,0.738
,,2018-02-04 03:24,-2.2,4.06,0.677
,,2018-02-04 09:12,-2.74,3.89,0.754
,,2018-02-04 21:25,-2.53,3.97,0.75
,,2018-02-04 23:06,-2.69,4.03,0.751
,,2018-02-05 03:33,-2.19,3.9,0.755
,,2018-02-05 09:17,-2.65,3.99,0.659
GS07-150-17-2,GS07-150-17-2_pyrgo,2017-03-04 17:18,1.26,3.22,0.732
,,2017-03-04 18:50,1.12,1.62,0.685
,,2017-03-05 01:41,1.02,2.63,0.692
,,2017-03-05 06:04,0.84,3.38,0.666
,,2017-03-05 07:34,1.09,3.12,0.704
,,2017-03-06 23:48,0.58,2.98,0.678
,,2017-03-15 18:03,1.02,3.18,0.667
,,2017-03-16 05:23,1.1,3.15,0.64
,,2017-04-08 17:42,0.94,3.05,0.659
,,2017-04-08 18:44,0.99,3.05,0.695
,,2017-04-08 20:18,0.97,3.13,0.689
,,2017-04-09 00:45,0.97,3.18,0.64
,,2017-04-09 02:51,0.92,3.1,0.704
,,2017-04-09 06:15,0.95,3.16,0.688
,,2017-04-09 07:49,0.94,3.18,0.647
,,2017-05-27 15:11,1.03,3.14,0.684
,,2017-05-29 14:19,1,3.39,0.649
,,2017-05-29 18:33,0.97,3.07,0.689
,,2017-05-29 19:04,1.07,3.04,0.708
,,2017-05-30 00:27,0.95,3.16,0.67
,,2017-05-30 01:28,1.1,3.28,0.699
GS07-150-22-1,GS07-150-22-1_Cpachyderma,2017-01-25 22:18,1.04,2.31,0.636
,,2017-01-26 09:16,1.05,2.26,0.68
,,2017-01-26 11:53,0.96,2.15,0.662
,,2017-05-30 16:39,1.15,2.21,0.713
,,2017-05-30 17:41,1.08,2.21,0.692
,,2017-05-30 19:13,1.04,2.14,0.661
,,2017-05-30 21:53,1.01,2.27,0.765
,,2017-05-30 22:24,0.98,2.09,0.721
,,2017-05-30 23:31,1.02,2.18,0.75
,,2017-05-31 00:32,1.1,2.11,0.657
,,2017-05-31 04:16,0.99,2.22,0.775
,,2017-05-31 05:50,0.98,2.21,0.666
,,2017-05-31 07:28,0.99,2.11,0.721
,GS07-150-22-1_Planulina_ariminensis,2017-01-25 21:47,1.6,1.77,0.637
,,2017-02-10 16:33,1.56,2.16,0.655
,,2017-02-11 04:45,1.52,1.96,0.662
,GS07-150-22-1_pyrgo,2016-12-04 20:40,0.82,2.75,0.686
,,2016-12-05 06:22,0.97,3.16,0.653
,,2016-12-05 06:52,1.45,3.13,0.653
,,2016-12-05 17:19,1.4,3,0.667
,,2016-12-05 18:25,0.47,1.56,0.648
,,2016-12-05 19:27,0.38,1.82,0.678
,,2016-12-05 19:57,0.56,1.56,0.637
,,2016-12-05 20:57,0.59,1.78,0.677
,,2016-12-05 21:28,0.59,1.78,0.681
,,2016-12-06 01:54,0.51,1.6,0.685
,,2016-12-06 02:56,0.5,1.69,0.681
,,2016-12-06 04:30,0.48,1.73,0.65
,,2017-03-04 17:49,0.12,1.85,0.73
,,2017-03-04 19:20,0.4,1.55,0.67
,,2017-03-04 20:20,0.31,1.63,0.71
,,2017-03-04 23:41,0.76,3.23,0.682
,,2017-03-05 00:12,0.27,1.65,0.721
,,2017-03-05 02:12,0.29,1.64,0.659
,,2017-03-05 06:34,0.41,1.6,0.649
,,2017-03-05 08:03,0.4,1.71,0.669
,,2017-03-06 19:28,1.17,3.09,0.616
,,2017-03-06 20:57,1.01,2.72,0.605
,,2017-03-07 00:19,1.06,2.68,0.659
,,2017-03-07 01:19,0.59,2.93,0.652
,,2017-03-07 02:20,1.27,3.12,0.667
,,2017-03-07 05:42,1.04,2.43,0.643
,,2017-03-07 07:12,1.19,3.07,0.667
,,2017-03-15 17:03,0.63,1.65,0.639
,,2017-03-15 19:03,0.68,1.62,0.664
,,2017-03-15 23:26,0.66,1.8,0.64
,,2017-03-16 00:59,0.74,1.63,0.63
,,2017-03-16 04:52,0.68,1.77,0.683
,,2017-03-16 06:24,1.36,2.93,0.703
,,2017-03-16 06:54,0.72,1.63,0.649
,,2017-03-16 18:06,1.28,3.07,0.713
,,2017-03-16 21:59,1.3,3.05,0.687
,,2017-03-16 23:00,1.05,3.26,0.698
,,2017-03-17 00:01,1.31,3.01,0.677
,,2017-03-17 01:02,1.28,2.98,0.715
,,2017-03-17 03:57,1.31,3,0.634
,,2017-03-17 04:57,1.13,3.39,0.742
,,2017-03-17 05:59,1.06,3.34,0.673
MP43-BC,MP43-BC_U_med,2017-01-25 21:16,0.16,2.1,0.629
,,2017-01-26 04:21,-0.18,2.27,0.679
,,2017-02-01 19:55,0.81,2.13,0.661
,,2017-02-02 02:34,0.6,2.01,0.642
,,2017-02-02 09:25,0.58,2.15,0.662
,,2017-02-10 15:02,0.28,2.17,0.6
,,2017-02-10 22:27,0.75,2.06,0.663
,,2017-06-11 17:52,0.35,2.11,0.596
,,2017-06-12 00:11,0.67,2.14,0.649
,,2017-06-12 02:56,0.51,2.12,0.629
,,2017-06-12 07:13,0.86,2.04,0.616
,,2017-06-12 08:15,0.15,2.17,0.644
MP46-MC,MP46-MC_Cmundulus,2017-01-12 16:45,1.59,1.69,0.646
,,2017-01-12 21:05,1.59,1.59,0.669
,,2017-01-13 02:30,1.55,1.57,0.649
,,2017-01-15 19:18,1.47,1.65,0.62
,,2017-01-15 22:20,1.71,1.57,0.67
,,2017-01-16 17:12,1.61,1.65,0.671
,,2017-01-20 05:33,1.4,1.6,0.654
,,2017-01-20 07:39,1.42,1.75,0.66
,,2017-01-24 22:11,1.32,1.61,0.731
,,2017-01-26 20:46,1.61,1.63,0.636
,,2017-01-27 02:59,1.67,1.63,0.712
,MP46-MC_Helegans,2017-01-12 01:33,2.04,2.38,0.641
,MP46-MC_pallcib,2017-01-12 16:14,-2.13,1.36,0.604
,,2017-01-12 18:15,-2.07,1.25,0.643
,,2017-01-12 22:38,-2.03,1.32,0.642
,,2017-01-12 23:08,-2.19,1.2,0.651
,,2017-01-13 01:57,-2.01,1.26,0.653
,,2017-01-13 04:01,-2.22,1.11,0.66
,MP46MC_cibpachyderma,2017-01-11 19:15,1.24,1.68,0.648
,,2017-01-11 20:15,1.26,1.72,0.716
,,2017-01-12 01:03,0.93,1.61,0.654
,,2017-01-12 02:05,1.27,1.66,0.665
,,2017-01-12 03:05,1.02,1.69,0.677
,,2017-01-12 04:53,1.32,1.69,0.675
,MP46MC_lenticulina,2017-01-11 17:44,-1.25,1.09,0.653
,,2017-01-11 22:02,0.01,1.54,0.655
,MP46MC_med,2016-11-29 19:35,-0.26,2.08,0.636
,,2016-11-29 20:41,0.82,2.07,0.671
,,2016-11-29 22:14,-0.02,2.14,0.648
,,2016-11-30 01:04,0.55,2.19,0.619
,,2016-11-30 02:35,0.19,2.26,0.641
,,2016-11-30 03:05,0.73,2.18,0.637
,,2016-11-30 04:37,-0.19,2.06,0.616
,,2016-11-30 05:07,0.26,2.05,0.648
,,2016-12-01 19:08,0.34,2.08,0.653
,,2017-03-26 23:21,0.74,2.16,0.644
,,2017-03-27 00:21,0.36,2.02,0.649
,,2017-03-28 16:33,0.69,2.09,0.668
,,2017-03-28 22:12,0.24,2.13,0.62
,,2017-03-28 23:01,0.66,2.18,0.606
,,2017-03-29 16:23,0.36,2.1,0.636
,,2017-03-29 17:23,0.43,2.11,0.604
,,2017-03-29 22:15,0.74,2.24,0.648
,,2017-03-30 04:36,0.59,2.14,0.633
,,2017-04-06 05:59,0.59,2.11,0.665
,,2017-04-08 19:14,-0.01,1.93,0.65
,,2017-04-09 00:14,0.42,2.17,0.607
,,2017-04-09 01:17,0.5,2.1,0.626
,,2017-05-29 14:49,-0.16,1.95,0.668
,,2017-05-29 17:31,-0.24,1.9,0.651
,MP46MC_melonis,2017-01-11 18:44,0.26,1.51,0.687
,,2017-01-11 19:45,0.48,1.37,0.658
,,2017-01-11 20:45,0.88,2.11,0.621
,,2017-01-12 00:33,0.08,1.42,0.601
,,2017-01-12 02:34,0.27,1.41,0.633
,,2017-01-12 05:23,1.72,2.69,0.634
S0213-54-4,S0213-54-4_Cpachy,2017-03-26 22:50,0.4,2.92,0.688
,,2017-03-28 17:03,0.37,2.87,0.678
,,2017-03-28 18:04,0.34,2.93,0.638
,,2017-03-29 03:22,0.22,3.04,0.636
,,2017-04-06 04:30,0.48,2.93,0.704
,,2017-04-06 04:59,0.47,2.89,0.677
SO213-71-2,SO213-71-2_Cibicides_lobatus,2017-07-30 18:05,1.34,1.87,0.646
,,2017-07-30 22:47,1.29,1.77,0.658
,,2017-07-30 23:48,1.31,2.17,0.663
,SO213-71-2_Upergina,2017-03-04 18:19,0.27,4.54,0.709
,,2017-03-04 19:51,0.34,4.71,0.681
,,2017-03-05 00:41,0.62,4.46,0.69
,,2017-03-05 01:12,0.36,4.64,0.722
,,2017-03-05 02:42,0.65,3.72,0.735
,,2017-03-05 07:04,0.49,3.77,0.662
,,2017-03-05 08:34,0.35,4.59,0.686
,,2017-03-06 18:58,0.37,4.66,0.655
,,2017-03-06 19:58,0.42,4.49,0.65
,,2017-03-06 20:27,0.34,4.61,0.597
,,2017-03-07 00:49,0.56,4.63,0.657
,,2017-03-07 01:50,0.35,4.65,0.649
,,2017-03-07 06:12,0.38,4.5,0.666
,,2017-03-07 06:43,0.39,4.65,0.645
,,2017-03-07 07:43,0.43,4.66,0.683
,,2017-03-07 08:12,0.32,4.5,0.7
,,2017-03-07 08:44,0.4,4.58,0.637
,,2017-03-15 16:32,0.58,4.55,0.722
,,2017-03-15 18:33,0.34,4.6,0.652
,,2017-03-15 22:25,0.25,4.63,0.667
,,2017-03-15 22:55,0.44,4.6,0.64
,,2017-03-16 00:28,0.47,4.64,0.66
,,2017-03-16 04:22,0.56,4.62,0.683
,,2017-03-16 05:53,0.47,4.5,0.673
,,2017-03-16 16:05,0.58,3.85,0.64
,,2017-03-16 17:06,0.5,4.59,0.648
,,2017-03-16 19:08,0.5,4.61,0.711
,,2017-03-17 04:27,0.38,4.63,0.69
,,2017-03-17 07:02,0.26,4.65,0.67