Age,Temperature,Temperature max,Temperature min,d18Osw,d18Osw max,d18Osw min,Temperature (long),Temperature max (long),Temperature min (long),d18Osw (long),d18Osw max (long),d18Osw min (long)
0.1,0.07,1.24,-1.32,0.093,0.443,-0.251,0.07,1.26,-1.31,0.159,0.492,-0.201
0.2,0.02,1.20,-1.37,0.087,0.435,-0.258,0.20,1.40,-1.19,0.161,0.496,-0.198
0.3,0.08,1.25,-1.32,0.108,0.445,-0.244,0.33,1.53,-1.06,0.164,0.500,-0.195
0.4,0.29,1.47,-1.10,0.164,0.487,-0.198,0.46,1.66,-0.94,0.166,0.504,-0.192
0.5,0.63,1.81,-0.76,0.240,0.548,-0.135,0.59,1.80,-0.82,0.168,0.508,-0.189
0.6,0.98,2.25,-0.44,0.300,0.619,-0.085,0.72,1.94,-0.69,0.171,0.512,-0.186
0.7,1.27,2.56,-0.19,0.323,0.656,-0.057,0.85,2.07,-0.57,0.174,0.517,-0.182
0.8,1.45,2.73,-0.01,0.303,0.655,-0.059,0.98,2.21,-0.44,0.178,0.521,-0.178
0.9,1.52,2.79,0.07,0.256,0.624,-0.088,1.12,2.35,-0.31,0.182,0.527,-0.174
1.0,1.47,2.72,0.05,0.195,0.567,-0.134,1.25,2.49,-0.18,0.186,0.533,-0.169
1.1,1.35,2.56,-0.03,0.130,0.495,-0.186,1.39,2.64,-0.05,0.191,0.539,-0.164
1.2,1.22,2.45,-0.20,0.076,0.443,-0.251,1.53,2.78,0.08,0.197,0.546,-0.159
1.3,1.14,2.38,-0.31,0.043,0.404,-0.295,1.67,2.93,0.21,0.201,0.552,-0.154
1.4,1.16,2.41,-0.27,0.035,0.393,-0.307,1.80,3.07,0.34,0.204,0.558,-0.150
1.5,1.29,2.58,-0.17,0.054,0.413,-0.297,1.94,3.21,0.47,0.207,0.563,-0.147
1.6,1.61,2.89,0.15,0.113,0.464,-0.244,2.07,3.35,0.59,0.209,0.567,-0.147
1.7,2.08,3.29,0.65,0.200,0.536,-0.153,2.20,3.49,0.71,0.210,0.569,-0.148
1.8,2.58,3.83,1.13,0.287,0.634,-0.066,2.33,3.62,0.83,0.211,0.571,-0.150
1.9,2.98,4.30,1.49,0.352,0.714,-0.010,2.46,3.77,0.94,0.211,0.573,-0.152
2.0,3.15,4.48,1.60,0.365,0.730,-0.006,2.60,3.91,1.07,0.212,0.576,-0.154
2.1,3.12,4.46,1.56,0.340,0.709,-0.035,2.74,4.07,1.19,0.212,0.580,-0.155
2.2,3.09,4.44,1.51,0.313,0.675,-0.068,2.88,4.22,1.32,0.212,0.583,-0.158
2.3,3.11,4.44,1.55,0.292,0.649,-0.086,3.02,4.37,1.44,0.211,0.584,-0.162
2.4,3.19,4.54,1.65,0.276,0.629,-0.105,3.15,4.51,1.56,0.206,0.582,-0.169
2.5,3.30,4.66,1.72,0.251,0.602,-0.138,3.26,4.63,1.66,0.198,0.577,-0.179
2.6,3.37,4.75,1.74,0.204,0.563,-0.191,3.36,4.74,1.75,0.187,0.567,-0.192
2.7,3.45,4.89,1.75,0.156,0.545,-0.241,3.45,4.83,1.83,0.172,0.553,-0.208
2.8,3.57,5.04,1.86,0.124,0.543,-0.265,3.52,4.91,1.90,0.154,0.535,-0.227
2.9,3.76,5.22,2.09,0.113,0.546,-0.252,3.59,4.98,1.96,0.134,0.515,-0.247
3.0,3.95,5.39,2.24,0.112,0.552,-0.252,3.64,5.03,2.01,0.113,0.494,-0.268
3.1,4.04,5.44,2.34,0.103,0.529,-0.264,3.70,5.08,2.07,0.092,0.472,-0.287
3.2,4.01,5.41,2.33,0.078,0.487,-0.298,3.75,5.14,2.13,0.073,0.452,-0.303
3.3,3.87,5.28,2.18,0.039,0.423,-0.353,3.82,5.19,2.20,0.057,0.433,-0.317
3.4,3.74,5.16,2.06,0.000,0.368,-0.406,3.88,5.25,2.28,0.044,0.418,-0.327
3.5,3.69,5.10,2.03,-0.027,0.327,-0.435,3.96,5.32,2.37,0.035,0.406,-0.333
3.6,3.73,5.15,2.10,-0.045,0.315,-0.438,4.04,5.39,2.46,0.032,0.398,-0.334
3.7,3.82,5.19,2.26,-0.055,0.301,-0.430,4.13,5.47,2.57,0.032,0.394,-0.331
3.8,3.94,5.25,2.43,-0.059,0.288,-0.413,4.23,5.56,2.68,0.037,0.394,-0.323
3.9,4.04,5.30,2.57,-0.060,0.284,-0.398,4.34,5.65,2.80,0.046,0.398,-0.313
4.0,4.12,5.35,2.69,-0.059,0.277,-0.387,4.45,5.75,2.93,0.057,0.404,-0.300
4.1,4.23,5.46,2.81,-0.051,0.284,-0.369,4.57,5.86,3.06,0.071,0.414,-0.284
4.2,4.37,5.63,2.92,-0.025,0.312,-0.351,4.69,5.97,3.19,0.087,0.427,-0.267
4.3,4.58,5.84,3.12,0.023,0.358,-0.310,4.82,6.09,3.33,0.104,0.443,-0.248
4.4,4.90,6.12,3.42,0.099,0.424,-0.240,4.94,6.21,3.46,0.122,0.460,-0.229
4.5,5.26,6.43,3.79,0.190,0.494,-0.155,5.06,6.32,3.58,0.140,0.479,-0.211
4.6,5.60,6.80,4.19,0.272,0.575,-0.074,5.18,6.44,3.70,0.158,0.498,-0.193
4.7,5.84,7.09,4.38,0.324,0.637,-0.038,5.28,6.54,3.80,0.175,0.515,-0.178
4.8,5.95,7.21,4.46,0.333,0.664,-0.027,5.36,6.63,3.88,0.190,0.531,-0.165
4.9,5.95,7.19,4.47,0.312,0.655,-0.043,5.43,6.70,3.95,0.203,0.545,-0.154
5.0,5.92,7.13,4.47,0.282,0.629,-0.064,5.49,6.76,4.00,0.214,0.556,-0.145
5.1,5.93,7.14,4.47,0.269,0.632,-0.079,5.53,6.80,4.04,0.222,0.563,-0.139
5.2,6.00,7.20,4.51,0.281,0.638,-0.071,5.55,6.83,4.06,0.228,0.568,-0.135
5.3,6.01,7.33,4.50,0.292,0.668,-0.075,5.57,6.84,4.07,0.230,0.569,-0.133
5.4,5.91,7.29,4.34,0.281,0.663,-0.106,5.56,6.83,4.07,0.229,0.567,-0.133
5.5,5.67,7.11,4.07,0.245,0.624,-0.157,5.55,6.81,4.06,0.226,0.562,-0.136
5.6,5.37,6.84,3.77,0.194,0.564,-0.209,5.53,6.79,4.04,0.220,0.554,-0.140
5.7,5.16,6.57,3.59,0.158,0.509,-0.245,5.50,6.75,4.02,0.213,0.545,-0.146
5.8,5.07,6.39,3.57,0.144,0.469,-0.240,5.46,6.71,3.98,0.204,0.534,-0.152
5.9,5.11,6.34,3.68,0.153,0.457,-0.207,5.42,6.66,3.95,0.196,0.523,-0.159
6.0,5.19,6.38,3.78,0.167,0.464,-0.168,5.39,6.62,3.92,0.188,0.511,-0.165
6.1,5.24,6.41,3.82,0.174,0.468,-0.157,5.36,6.58,3.89,0.181,0.500,-0.170
6.2,5.25,6.38,3.83,0.174,0.466,-0.152,5.33,6.54,3.87,0.174,0.489,-0.173
6.3,5.23,6.32,3.85,0.168,0.452,-0.160,5.31,6.52,3.86,0.169,0.481,-0.175
6.4,5.25,6.33,3.83,0.163,0.456,-0.169,5.31,6.51,3.86,0.166,0.475,-0.176
6.5,5.30,6.43,3.89,0.162,0.471,-0.161,5.32,6.51,3.88,0.164,0.471,-0.174
6.6,5.34,6.51,3.90,0.161,0.472,-0.160,5.34,6.53,3.91,0.165,0.470,-0.170
6.7,5.36,6.50,3.96,0.158,0.460,-0.159,5.38,6.57,3.95,0.167,0.472,-0.164
6.8,5.32,6.45,3.92,0.148,0.443,-0.177,5.43,6.62,4.00,0.171,0.477,-0.158
6.9,5.25,6.41,3.83,0.135,0.431,-0.198,5.50,6.68,4.06,0.176,0.485,-0.150
7.0,5.22,6.38,3.76,0.129,0.420,-0.214,5.57,6.76,4.13,0.183,0.494,-0.142
7.1,5.26,6.46,3.81,0.135,0.426,-0.203,5.64,6.84,4.20,0.192,0.504,-0.133
7.2,5.40,6.60,3.96,0.159,0.453,-0.176,5.72,6.93,4.27,0.202,0.516,-0.123
7.3,5.62,6.82,4.15,0.191,0.498,-0.140,5.81,7.02,4.35,0.213,0.529,-0.114
7.4,5.82,7.08,4.36,0.212,0.540,-0.103,5.89,7.12,4.42,0.226,0.543,-0.104
7.5,5.98,7.30,4.49,0.220,0.569,-0.087,5.98,7.22,4.49,0.239,0.558,-0.093
7.6,6.11,7.45,4.63,0.226,0.587,-0.076,6.06,7.31,4.56,0.253,0.574,-0.083
7.7,6.26,7.56,4.80,0.239,0.593,-0.058,6.14,7.41,4.63,0.266,0.590,-0.073
7.8,6.43,7.69,4.98,0.271,0.615,-0.036,6.22,7.50,4.69,0.280,0.607,-0.063
7.9,6.63,7.84,5.19,0.318,0.647,-0.003,6.29,7.59,4.75,0.294,0.625,-0.053
8.0,6.78,7.95,5.30,0.360,0.672,0.022,6.36,7.67,4.80,0.306,0.641,-0.044
8.1,6.82,8.04,5.25,0.382,0.691,0.021,6.43,7.75,4.84,0.319,0.658,-0.037
8.2,6.80,8.11,5.14,0.394,0.704,0.012,6.48,7.82,4.88,0.329,0.673,-0.031
8.3,6.74,8.12,5.00,0.397,0.711,-0.010,6.52,7.89,4.90,0.338,0.686,-0.028
8.4,6.66,8.07,4.98,0.389,0.709,-0.006,6.55,7.94,4.90,0.345,0.698,-0.029
8.5,6.59,8.02,4.97,0.376,0.725,-0.002,6.57,7.98,4.88,0.349,0.708,-0.033
8.6,6.53,7.91,4.89,0.363,0.723,-0.021,6.58,8.02,4.85,0.352,0.717,-0.040
8.7,6.52,7.94,4.86,0.356,0.736,-0.027,6.58,8.06,4.81,0.352,0.725,-0.051
8.8,6.56,8.02,4.80,0.365,0.752,-0.037,6.57,8.09,4.75,0.350,0.731,-0.064
8.9,6.63,8.14,4.82,0.384,0.768,-0.022,6.56,8.12,4.69,0.346,0.737,-0.080
9.0,6.68,8.23,4.85,0.396,0.777,-0.015,6.55,8.15,4.62,0.340,0.741,-0.098
9.1,6.65,8.22,4.83,0.386,0.770,-0.022,6.53,8.17,4.56,0.332,0.743,-0.117
9.2,6.54,8.12,4.73,0.350,0.754,-0.050,6.52,8.20,4.49,0.323,0.744,-0.137
9.3,6.39,8.02,4.57,0.302,0.730,-0.098,6.50,8.22,4.42,0.312,0.743,-0.158
9.4,6.30,8.03,4.20,0.276,0.722,-0.193,6.48,8.23,4.35,0.301,0.739,-0.178
9.5,6.28,8.21,3.90,0.271,0.745,-0.274,6.45,8.24,4.28,0.288,0.732,-0.199
9.6,6.34,8.39,3.81,0.280,0.779,-0.312,6.42,8.23,4.21,0.274,0.723,-0.220
9.7,6.46,8.51,3.93,0.288,0.788,-0.309,6.38,8.21,4.14,0.259,0.710,-0.240
9.8,6.54,8.56,3.99,0.281,0.769,-0.306,6.34,8.17,4.08,0.244,0.694,-0.259
9.9,6.59,8.59,4.03,0.256,0.751,-0.325,6.28,8.12,4.02,0.227,0.676,-0.277
10.0,6.56,8.54,4.06,0.220,0.723,-0.320,6.22,8.06,3.96,0.210,0.654,-0.294
10.1,6.48,8.44,3.99,0.190,0.694,-0.328,6.16,7.99,3.91,0.192,0.631,-0.310
10.2,6.36,8.41,3.82,0.169,0.688,-0.359,6.10,7.90,3.87,0.174,0.606,-0.323
10.3,6.22,8.20,3.74,0.152,0.636,-0.370,6.03,7.81,3.84,0.156,0.579,-0.333
10.4,6.08,7.99,3.58,0.141,0.594,-0.393,5.97,7.72,3.82,0.137,0.552,-0.340
10.5,5.90,7.72,3.63,0.127,0.538,-0.368,5.91,7.61,3.81,0.119,0.523,-0.344
10.6,5.72,7.36,3.66,0.108,0.466,-0.357,5.84,7.50,3.80,0.101,0.493,-0.346
10.7,5.55,7.06,3.68,0.087,0.408,-0.352,5.78,7.39,3.81,0.084,0.463,-0.346
10.8,5.41,6.81,3.73,0.063,0.353,-0.338,5.71,7.27,3.81,0.066,0.433,-0.344
10.9,5.34,6.76,3.70,0.039,0.327,-0.345,5.65,7.15,3.82,0.050,0.403,-0.343
11.0,5.30,6.72,3.66,0.010,0.319,-0.369,5.58,7.03,3.83,0.034,0.373,-0.341
11.1,5.29,6.75,3.63,-0.018,0.323,-0.390,5.51,6.91,3.83,0.019,0.345,-0.340
11.2,5.32,6.71,3.74,-0.034,0.298,-0.376,5.45,6.80,3.83,0.005,0.318,-0.338
11.3,5.38,6.63,3.91,-0.042,0.265,-0.335,5.40,6.70,3.84,-0.008,0.293,-0.337
11.4,5.44,6.62,4.04,-0.047,0.250,-0.307,5.35,6.61,3.84,-0.020,0.271,-0.336
11.5,5.49,6.57,4.18,-0.045,0.237,-0.277,5.31,6.53,3.85,-0.031,0.250,-0.335
11.6,5.48,6.55,4.22,-0.046,0.233,-0.267,5.27,6.46,3.85,-0.041,0.231,-0.335
11.7,5.43,6.50,4.17,-0.049,0.225,-0.274,5.24,6.41,3.85,-0.051,0.213,-0.337
11.8,5.34,6.39,4.08,-0.051,0.210,-0.293,5.21,6.36,3.85,-0.062,0.196,-0.340
11.9,5.17,6.20,3.91,-0.067,0.181,-0.324,5.18,6.31,3.84,-0.074,0.177,-0.346
12.0,4.97,5.96,3.72,-0.095,0.126,-0.358,5.15,6.27,3.83,-0.087,0.159,-0.353
12.1,4.79,5.85,3.55,-0.122,0.110,-0.381,5.13,6.24,3.81,-0.101,0.139,-0.362
12.2,4.78,5.84,3.51,-0.119,0.099,-0.388,5.10,6.20,3.80,-0.115,0.120,-0.372
12.3,5.00,6.07,3.69,-0.071,0.135,-0.351,5.09,6.18,3.79,-0.130,0.101,-0.384
12.4,5.20,6.34,3.91,-0.032,0.170,-0.317,5.09,6.18,3.78,-0.144,0.083,-0.395
12.5,5.26,6.40,3.98,-0.037,0.155,-0.322,5.10,6.19,3.79,-0.157,0.067,-0.406
12.6,5.13,6.27,3.83,-0.092,0.097,-0.372,5.12,6.21,3.81,-0.169,0.052,-0.417
12.7,4.88,6.04,3.60,-0.182,0.021,-0.438,5.16,6.25,3.84,-0.181,0.038,-0.427
12.8,4.69,5.82,3.38,-0.267,-0.055,-0.511,5.21,6.30,3.89,-0.192,0.024,-0.437
12.9,4.66,5.75,3.32,-0.322,-0.100,-0.548,5.27,6.35,3.94,-0.205,0.010,-0.447
13.0,4.77,5.84,3.40,-0.341,-0.116,-0.560,5.33,6.41,3.99,-0.218,-0.004,-0.458
13.1,4.97,6.07,3.60,-0.339,-0.102,-0.550,5.40,6.48,4.06,-0.232,-0.018,-0.468
13.2,5.24,6.33,3.83,-0.322,-0.078,-0.535,5.48,6.56,4.13,-0.246,-0.031,-0.479
13.3,5.56,6.63,4.16,-0.285,-0.052,-0.500,5.58,6.65,4.22,-0.259,-0.043,-0.488
13.4,5.92,6.97,4.59,-0.233,-0.013,-0.440,5.69,6.76,4.32,-0.271,-0.053,-0.496
13.5,6.25,7.27,4.86,-0.188,0.020,-0.415,5.81,6.88,4.44,-0.280,-0.061,-0.502
13.6,6.41,7.43,5.02,-0.174,0.024,-0.408,5.95,7.01,4.57,-0.288,-0.067,-0.507
13.7,6.33,7.35,4.96,-0.209,-0.021,-0.443,6.09,7.15,4.70,-0.293,-0.072,-0.510
13.8,6.05,7.08,4.69,-0.292,-0.105,-0.527,6.24,7.30,4.85,-0.298,-0.076,-0.514
13.9,5.77,6.81,4.40,-0.389,-0.189,-0.614,6.38,7.44,4.98,-0.304,-0.081,-0.520
14.0,5.78,6.82,4.40,-0.435,-0.213,-0.640,6.52,7.58,5.11,-0.311,-0.088,-0.527
14.1,6.16,7.23,4.76,-0.411,-0.169,-0.601,6.64,7.70,5.23,-0.320,-0.098,-0.538
14.2,6.74,7.80,5.32,-0.345,-0.093,-0.529,6.75,7.81,5.33,-0.332,-0.110,-0.550
14.3,7.31,8.41,5.87,-0.278,-0.020,-0.469,6.85,7.91,5.43,-0.346,-0.123,-0.564
14.4,7.67,8.78,6.21,-0.250,0.010,-0.449,6.95,8.01,5.52,-0.359,-0.135,-0.577
14.5,7.82,8.88,6.39,-0.257,-0.014,-0.465,7.05,8.12,5.61,-0.372,-0.146,-0.589
14.6,7.84,8.86,6.38,-0.278,-0.060,-0.504,7.15,8.22,5.71,-0.382,-0.155,-0.599
14.7,7.74,8.78,6.33,-0.317,-0.111,-0.548,7.26,8.33,5.81,-0.389,-0.162,-0.606
14.8,7.46,8.53,6.04,-0.390,-0.186,-0.627,7.36,8.44,5.91,-0.394,-0.167,-0.611
14.9,7.11,8.24,5.64,-0.489,-0.275,-0.743,7.46,8.54,6.00,-0.397,-0.172,-0.616
15.0,6.94,8.10,5.42,-0.557,-0.336,-0.816,7.54,8.62,6.07,-0.400,-0.178,-0.621
15.1,6.96,8.09,5.47,-0.592,-0.369,-0.835,7.61,8.67,6.12,-0.404,-0.185,-0.627
15.2,7.27,8.32,5.83,-0.572,-0.351,-0.781,7.65,8.71,6.15,-0.409,-0.195,-0.635
15.3,7.74,8.80,6.29,-0.508,-0.269,-0.695,7.68,8.73,6.17,-0.416,-0.206,-0.645
15.4,8.11,9.20,6.62,-0.443,-0.187,-0.622,7.69,8.75,6.18,-0.423,-0.217,-0.654
15.5,8.33,9.41,6.81,-0.377,-0.131,-0.567,7.71,8.76,6.18,-0.430,-0.227,-0.662
15.6,8.46,9.53,6.91,-0.318,-0.093,-0.532,7.73,8.77,6.19,-0.435,-0.234,-0.669
15.7,8.42,9.48,6.86,-0.292,-0.087,-0.521,7.75,8.80,6.20,-0.439,-0.239,-0.673
15.8,8.17,9.21,6.61,-0.308,-0.132,-0.559,7.78,8.83,6.21,-0.440,-0.241,-0.675
15.9,7.82,8.78,6.26,-0.355,-0.218,-0.624,7.81,8.86,6.23,-0.440,-0.240,-0.677
16.0,7.46,8.38,5.87,-0.426,-0.304,-0.703,7.85,8.90,6.24,-0.437,-0.238,-0.678
16.1,7.23,8.17,5.61,-0.487,-0.359,-0.771,7.88,8.93,6.23,-0.433,-0.234,-0.679
16.2,7.28,8.24,5.63,-0.511,-0.368,-0.786,7.90,8.96,6.22,-0.427,-0.229,-0.682
16.3,7.52,8.50,5.86,-0.510,-0.338,-0.762,7.93,8.99,6.19,-0.419,-0.222,-0.687
16.4,7.86,8.93,6.24,-0.486,-0.270,-0.708,7.95,9.02,6.15,-0.410,-0.213,-0.692
16.5,8.15,9.23,6.53,-0.461,-0.225,-0.665,7.97,9.05,6.11,-0.399,-0.202,-0.697
16.6,8.26,9.37,6.61,-0.454,-0.206,-0.659,7.99,9.08,6.06,-0.387,-0.188,-0.702
16.7,8.17,9.32,6.45,-0.463,-0.220,-0.692,8.03,9.13,6.02,-0.372,-0.171,-0.705
16.8,7.95,9.12,6.18,-0.481,-0.251,-0.739,8.06,9.18,5.98,-0.355,-0.152,-0.707
16.9,7.78,8.94,5.90,-0.482,-0.267,-0.781,8.11,9.23,5.95,-0.337,-0.131,-0.707
17.0,7.85,9.03,5.77,-0.429,-0.219,-0.775,8.15,9.29,5.92,-0.319,-0.110,-0.706
17.1,8.14,9.25,5.78,-0.330,-0.135,-0.743,8.19,9.34,5.88,-0.301,-0.089,-0.704
17.2,8.46,9.61,5.76,-0.225,-0.021,-0.715,8.22,9.38,5.85,-0.284,-0.070,-0.702
17.3,8.69,9.90,5.78,-0.134,0.087,-0.688,8.25,9.41,5.82,-0.268,-0.052,-0.700
17.4,8.72,9.95,5.81,-0.082,0.138,-0.657,8.27,9.45,5.80,-0.252,-0.035,-0.695
17.5,8.62,9.91,5.69,-0.062,0.156,-0.655,8.30,9.48,5.79,-0.237,-0.018,-0.688
17.6,8.49,9.73,5.61,-0.062,0.128,-0.651,8.34,9.52,5.80,-0.221,0.000,-0.677
17.7,8.41,9.62,5.53,-0.072,0.115,-0.660,8.38,9.56,5.83,-0.204,0.018,-0.661
17.8,8.42,9.58,5.58,-0.092,0.099,-0.650,8.42,9.61,5.89,-0.187,0.037,-0.642
17.9,8.38,9.56,5.58,-0.142,0.083,-0.655,8.47,9.66,5.96,-0.170,0.054,-0.620
18.0,8.19,9.34,5.43,-0.227,0.016,-0.702,8.52,9.70,6.04,-0.155,0.070,-0.595
18.1,7.95,9.05,5.15,-0.314,-0.067,-0.781,8.56,9.74,6.13,-0.143,0.083,-0.570
18.2,7.90,8.98,5.27,-0.343,-0.109,-0.783,8.59,9.76,6.21,-0.133,0.092,-0.545
18.3,8.05,9.22,5.69,-0.316,-0.066,-0.700,8.61,9.77,6.30,-0.126,0.098,-0.521
18.4,8.48,9.69,6.45,-0.222,0.026,-0.537,8.62,9.77,6.38,-0.121,0.101,-0.499
18.5,9.00,10.25,7.13,-0.109,0.147,-0.382,8.63,9.76,6.45,-0.116,0.104,-0.477
18.6,9.33,10.59,7.45,-0.032,0.235,-0.308,8.63,9.76,6.52,-0.112,0.106,-0.455
18.7,9.44,10.65,7.59,0.007,0.269,-0.258,8.63,9.75,6.59,-0.107,0.109,-0.434
18.8,9.40,10.55,7.61,0.026,0.266,-0.233,8.62,9.74,6.64,-0.102,0.112,-0.415
18.9,9.23,10.33,7.51,0.025,0.235,-0.231,8.61,9.72,6.69,-0.097,0.114,-0.398
19.0,8.95,9.98,7.29,-0.003,0.177,-0.247,8.58,9.69,6.71,-0.095,0.115,-0.385
19.1,8.65,9.62,7.01,-0.038,0.119,-0.291,8.54,9.64,6.71,-0.095,0.112,-0.377
19.2,8.44,9.40,6.73,-0.063,0.094,-0.332,8.47,9.57,6.68,-0.099,0.106,-0.374
19.3,8.29,9.27,6.57,-0.082,0.075,-0.355,8.39,9.47,6.62,-0.108,0.095,-0.377
19.4,8.26,9.28,6.53,-0.080,0.084,-0.354,8.28,9.36,6.53,-0.121,0.080,-0.386
19.5,8.33,9.41,6.60,-0.057,0.118,-0.330,8.16,9.23,6.43,-0.137,0.062,-0.399
19.6,8.40,9.52,6.62,-0.037,0.151,-0.324,8.04,9.10,6.31,-0.154,0.043,-0.415
19.7,8.31,9.45,6.55,-0.055,0.137,-0.338,7.92,8.97,6.20,-0.170,0.024,-0.431
19.8,8.07,9.20,6.29,-0.119,0.081,-0.395,7.81,8.85,6.09,-0.185,0.006,-0.445
19.9,7.70,8.80,5.97,-0.219,0.001,-0.475,7.71,8.75,6.00,-0.198,-0.008,-0.457
20.0,7.27,8.35,5.55,-0.327,-0.088,-0.569,7.63,8.66,5.92,-0.208,-0.020,-0.467
20.1,6.92,7.97,5.24,-0.407,-0.172,-0.633,7.56,8.59,5.86,-0.216,-0.030,-0.475
20.2,6.67,7.72,4.97,-0.455,-0.220,-0.684,7.50,8.53,5.81,-0.224,-0.038,-0.482
20.3,6.54,7.56,4.84,-0.461,-0.244,-0.706,7.46,8.48,5.76,-0.230,-0.046,-0.487
20.4,6.61,7.61,4.94,-0.413,-0.227,-0.661,7.42,8.44,5.73,-0.236,-0.053,-0.492
20.5,6.88,7.89,5.24,-0.325,-0.158,-0.582,7.40,8.41,5.71,-0.240,-0.059,-0.496
20.6,7.22,8.17,5.60,-0.227,-0.082,-0.489,7.39,8.39,5.70,-0.243,-0.064,-0.498
20.7,7.52,8.46,5.88,-0.147,-0.007,-0.414,7.40,8.39,5.71,-0.243,-0.065,-0.497
20.8,7.70,8.65,6.05,-0.105,0.029,-0.365,7.43,8.41,5.73,-0.241,-0.064,-0.494
20.9,7.78,8.73,6.09,-0.099,0.053,-0.359,7.48,8.45,5.77,-0.235,-0.060,-0.489
21.0,7.74,8.69,6.06,-0.116,0.046,-0.374,7.54,8.51,5.83,-0.226,-0.052,-0.481
21.1,7.59,8.52,5.93,-0.161,-0.010,-0.414,7.61,8.58,5.90,-0.216,-0.043,-0.472
21.2,7.44,8.39,5.73,-0.212,-0.061,-0.484,7.69,8.66,5.97,-0.206,-0.033,-0.463
21.3,7.43,8.37,5.70,-0.247,-0.099,-0.511,7.76,8.73,6.03,-0.197,-0.023,-0.455
21.4,7.58,8.57,5.79,-0.258,-0.089,-0.517,7.83,8.80,6.08,-0.190,-0.015,-0.450
21.5,7.89,8.87,6.13,-0.232,-0.047,-0.469,7.88,8.85,6.12,-0.187,-0.009,-0.448
21.6,8.20,9.17,6.43,-0.194,0.009,-0.428,7.91,8.88,6.14,-0.186,-0.005,-0.448
21.7,8.38,9.34,6.60,-0.172,0.032,-0.411,7.92,8.91,6.14,-0.187,-0.003,-0.451
21.8,8.41,9.39,6.61,-0.169,0.042,-0.417,7.93,8.93,6.13,-0.188,-0.001,-0.454
21.9,8.37,9.35,6.51,-0.170,0.032,-0.443,7.92,8.94,6.11,-0.189,0.001,-0.458
22.0,8.32,9.32,6.48,-0.169,0.034,-0.449,7.91,8.95,6.09,-0.189,0.005,-0.462
22.1,8.29,9.27,6.47,-0.160,0.032,-0.446,7.89,8.95,6.05,-0.188,0.010,-0.465
22.2,8.24,9.25,6.40,-0.154,0.035,-0.441,7.86,8.96,6.01,-0.187,0.015,-0.469
22.3,8.08,9.07,6.27,-0.173,0.007,-0.449,7.83,8.97,5.96,-0.187,0.020,-0.474
22.4,7.81,8.83,5.99,-0.216,-0.018,-0.484,7.78,8.97,5.90,-0.189,0.024,-0.481
22.5,7.55,8.61,5.66,-0.251,-0.029,-0.528,7.73,8.96,5.83,-0.194,0.026,-0.491
22.6,7.39,8.53,5.46,-0.253,-0.018,-0.541,7.66,8.94,5.75,-0.202,0.026,-0.503
22.7,7.35,8.48,5.42,-0.210,-0.001,-0.510,7.59,8.92,5.66,-0.213,0.022,-0.517
22.8,7.42,8.60,5.58,-0.137,0.028,-0.440,7.51,8.89,5.57,-0.228,0.017,-0.533
22.9,7.42,8.86,5.48,-0.086,0.102,-0.436,7.43,8.86,5.48,-0.243,0.009,-0.549
23.0,7.33,8.99,5.36,-0.091,0.130,-0.461,7.35,8.82,5.39,-0.260,-0.000,-0.565
23.1,7.22,9.04,5.17,-0.151,0.119,-0.539,7.28,8.78,5.31,-0.276,-0.010,-0.580
23.2,7.12,8.98,5.08,-0.233,0.069,-0.588,7.22,8.74,5.24,-0.291,-0.021,-0.593
23.3,7.12,8.97,5.02,-0.302,0.023,-0.636,7.16,8.71,5.18,-0.304,-0.031,-0.605
23.4,7.15,8.95,5.07,-0.358,-0.018,-0.661,7.11,8.67,5.14,-0.316,-0.042,-0.615
23.5,7.10,8.93,5.03,-0.412,-0.042,-0.699,7.07,8.63,5.10,-0.327,-0.052,-0.623
23.6,6.95,8.80,4.91,-0.462,-0.090,-0.740,7.04,8.59,5.07,-0.336,-0.062,-0.630
23.7,6.80,8.62,4.74,-0.499,-0.137,-0.775,7.01,8.55,5.05,-0.344,-0.072,-0.634
23.8,6.73,8.48,4.69,-0.509,-0.170,-0.771,6.99,8.51,5.04,-0.350,-0.081,-0.637
23.9,6.76,8.40,4.81,-0.492,-0.183,-0.738,6.97,8.46,5.03,-0.354,-0.089,-0.637
24.0,6.84,8.25,4.93,-0.455,-0.194,-0.699,6.96,8.41,5.02,-0.355,-0.094,-0.635
24.1,6.90,8.15,5.07,-0.413,-0.193,-0.649,6.95,8.37,5.02,-0.352,-0.097,-0.629
24.2,6.92,8.06,5.11,-0.375,-0.179,-0.624,6.94,8.33,5.03,-0.345,-0.096,-0.619
24.3,6.92,8.05,5.08,-0.338,-0.154,-0.608,6.94,8.29,5.03,-0.334,-0.092,-0.607
24.4,6.94,8.06,5.09,-0.303,-0.130,-0.589,6.94,8.26,5.04,-0.320,-0.084,-0.592
24.5,6.96,8.05,5.13,-0.277,-0.105,-0.563,6.94,8.23,5.05,-0.303,-0.073,-0.575
24.6,6.95,8.02,5.13,-0.263,-0.099,-0.539,6.93,8.20,5.05,-0.286,-0.060,-0.558
24.7,6.95,8.02,5.17,-0.255,-0.080,-0.518,6.92,8.17,5.04,-0.268,-0.046,-0.542
24.8,6.96,8.08,5.15,-0.245,-0.049,-0.515,6.90,8.14,5.02,-0.252,-0.033,-0.527
24.9,6.99,8.21,5.12,-0.225,-0.001,-0.510,6.87,8.11,4.99,-0.238,-0.020,-0.515
25.0,7.05,8.30,5.13,-0.194,0.039,-0.487,6.83,8.07,4.95,-0.227,-0.008,-0.506
25.1,7.09,8.35,5.15,-0.159,0.070,-0.454,6.78,8.03,4.90,-0.218,0.002,-0.499
25.2,7.11,8.39,5.19,-0.125,0.111,-0.407,6.73,7.99,4.84,-0.212,0.010,-0.495
25.3,7.10,8.34,5.16,-0.098,0.133,-0.385,6.68,7.95,4.77,-0.208,0.016,-0.493
25.4,6.99,8.23,5.08,-0.098,0.140,-0.379,6.62,7.91,4.71,-0.206,0.020,-0.492
25.5,6.74,8.07,4.89,-0.135,0.106,-0.396,6.56,7.86,4.63,-0.207,0.022,-0.493
25.6,6.45,7.96,4.59,-0.181,0.097,-0.455,6.49,7.81,4.56,-0.209,0.023,-0.496
25.7,6.19,7.69,4.32,-0.225,0.048,-0.509,6.42,7.76,4.48,-0.213,0.022,-0.500
25.8,5.96,7.44,4.01,-0.260,-0.000,-0.567,6.35,7.71,4.40,-0.219,0.020,-0.505
25.9,5.88,7.26,3.95,-0.266,-0.046,-0.570,6.28,7.66,4.32,-0.225,0.017,-0.512
26.0,5.88,7.22,3.89,-0.262,-0.061,-0.577,6.21,7.62,4.24,-0.231,0.014,-0.518
26.1,5.97,7.28,3.95,-0.246,-0.046,-0.554,6.15,7.58,4.17,-0.237,0.012,-0.525
26.2,6.07,7.37,4.03,-0.237,-0.029,-0.530,6.10,7.56,4.11,-0.243,0.011,-0.531
26.3,6.12,7.43,4.05,-0.248,-0.019,-0.525,6.06,7.56,4.07,-0.246,0.012,-0.536
26.4,6.08,7.39,4.03,-0.270,-0.029,-0.545,6.04,7.57,4.03,-0.248,0.014,-0.539
26.5,5.93,7.26,3.90,-0.301,-0.047,-0.578,6.04,7.60,4.02,-0.249,0.018,-0.541
26.6,5.74,7.17,3.81,-0.331,-0.066,-0.590,6.05,7.64,4.02,-0.247,0.024,-0.540
26.7,5.62,7.24,3.67,-0.338,-0.049,-0.604,6.07,7.69,4.04,-0.245,0.031,-0.538
26.8,5.62,7.38,3.63,-0.317,-0.021,-0.595,6.11,7.75,4.07,-0.241,0.037,-0.533
26.9,5.73,7.61,3.64,-0.275,0.037,-0.585,6.16,7.82,4.11,-0.237,0.045,-0.528
27.0,5.96,7.86,3.88,-0.221,0.101,-0.529,6.22,7.89,4.17,-0.232,0.051,-0.521
27.1,6.20,8.16,4.07,-0.178,0.155,-0.499,6.28,7.97,4.24,-0.227,0.058,-0.514
27.2,6.40,8.36,4.27,-0.155,0.173,-0.468,6.35,8.04,4.31,-0.221,0.064,-0.506
27.3,6.53,8.49,4.43,-0.154,0.175,-0.456,6.43,8.12,4.39,-0.215,0.069,-0.497
27.4,6.61,8.51,4.51,-0.164,0.153,-0.462,6.52,8.20,4.48,-0.208,0.074,-0.487
27.5,6.65,8.53,4.52,-0.175,0.140,-0.485,6.60,8.28,4.57,-0.201,0.079,-0.477
27.6,6.65,8.51,4.54,-0.193,0.119,-0.508,6.69,8.35,4.66,-0.194,0.082,-0.466
27.7,6.74,8.47,4.71,-0.199,0.078,-0.487,6.78,8.42,4.75,-0.187,0.084,-0.456
27.8,6.89,8.40,4.97,-0.195,0.040,-0.432,6.85,8.48,4.83,-0.182,0.085,-0.448
27.9,7.09,8.44,5.15,-0.186,0.020,-0.416,6.91,8.52,4.90,-0.179,0.083,-0.441
28.0,7.27,8.61,5.30,-0.179,0.045,-0.407,6.96,8.54,4.95,-0.179,0.079,-0.437
28.1,7.35,8.68,5.40,-0.182,0.056,-0.403,6.98,8.55,4.99,-0.181,0.072,-0.434
28.2,7.37,8.72,5.41,-0.182,0.058,-0.405,6.99,8.54,5.01,-0.185,0.062,-0.434
28.3,7.39,8.74,5.42,-0.169,0.055,-0.396,6.99,8.52,5.02,-0.190,0.052,-0.435
28.4,7.42,8.78,5.42,-0.149,0.060,-0.392,6.97,8.48,5.01,-0.196,0.040,-0.437
28.5,7.42,8.82,5.44,-0.135,0.083,-0.372,6.95,8.43,5.00,-0.204,0.026,-0.440
28.6,7.34,8.70,5.39,-0.136,0.071,-0.370,6.91,8.38,4.97,-0.212,0.012,-0.444
28.7,7.17,8.69,5.27,-0.156,0.075,-0.386,6.86,8.31,4.93,-0.223,-0.004,-0.450
28.8,6.92,8.65,4.95,-0.193,0.075,-0.440,6.79,8.23,4.88,-0.235,-0.022,-0.459
28.9,6.65,8.53,4.60,-0.230,0.060,-0.493,6.71,8.13,4.81,-0.251,-0.043,-0.471
29.0,6.43,8.19,4.48,-0.260,-0.008,-0.503,6.62,8.02,4.72,-0.269,-0.066,-0.487
29.1,6.23,7.77,4.35,-0.296,-0.095,-0.521,6.51,7.90,4.63,-0.290,-0.093,-0.505
29.2,6.14,7.55,4.29,-0.321,-0.138,-0.540,6.39,7.77,4.52,-0.314,-0.123,-0.525
29.3,6.20,7.50,4.38,-0.321,-0.147,-0.532,6.28,7.63,4.42,-0.339,-0.154,-0.546
29.4,6.33,7.55,4.55,-0.309,-0.143,-0.499,6.16,7.49,4.31,-0.365,-0.187,-0.567
29.5,6.41,7.60,4.63,-0.309,-0.149,-0.484,6.05,7.35,4.22,-0.391,-0.220,-0.589
29.6,6.33,7.48,4.56,-0.334,-0.188,-0.504,5.95,7.22,4.13,-0.417,-0.253,-0.610
29.7,6.03,7.14,4.26,-0.403,-0.270,-0.575,5.85,7.10,4.05,-0.442,-0.285,-0.629
29.8,5.61,6.73,3.83,-0.496,-0.362,-0.676,5.78,6.99,3.99,-0.466,-0.317,-0.648
29.9,5.23,6.38,3.42,-0.584,-0.447,-0.766,5.71,6.89,3.94,-0.488,-0.346,-0.665
30.0,5.01,6.14,3.15,-0.641,-0.508,-0.831,5.66,6.81,3.89,-0.510,-0.374,-0.681
30.1,5.02,6.14,3.23,-0.647,-0.519,-0.822,5.61,6.74,3.86,-0.530,-0.399,-0.695
30.2,5.18,6.26,3.45,-0.623,-0.501,-0.780,5.58,6.69,3.84,-0.547,-0.421,-0.709
30.3,5.32,6.40,3.62,-0.599,-0.484,-0.750,5.57,6.66,3.83,-0.562,-0.440,-0.720
30.4,5.39,6.43,3.68,-0.589,-0.492,-0.749,5.57,6.65,3.84,-0.574,-0.455,-0.729
30.5,5.38,6.44,3.68,-0.601,-0.504,-0.759,5.59,6.66,3.87,-0.581,-0.464,-0.733
30.6,5.38,6.44,3.69,-0.622,-0.520,-0.765,5.63,6.69,3.91,-0.583,-0.468,-0.733
30.7,5.44,6.50,3.81,-0.634,-0.524,-0.760,5.69,6.75,3.98,-0.580,-0.467,-0.729
30.8,5.54,6.61,3.92,-0.640,-0.517,-0.759,5.78,6.83,4.07,-0.572,-0.460,-0.720
30.9,5.62,6.68,3.96,-0.644,-0.523,-0.766,5.88,6.93,4.17,-0.560,-0.448,-0.707
31.0,5.69,6.70,4.00,-0.642,-0.532,-0.772,5.99,7.05,4.28,-0.545,-0.432,-0.693
31.1,5.77,6.76,4.09,-0.630,-0.529,-0.765,6.11,7.17,4.39,-0.529,-0.415,-0.677
31.2,5.92,6.90,4.25,-0.601,-0.506,-0.739,6.22,7.28,4.49,-0.513,-0.398,-0.662
31.3,6.19,7.17,4.49,-0.547,-0.455,-0.694,6.32,7.40,4.58,-0.498,-0.381,-0.648
31.4,6.54,7.54,4.82,-0.477,-0.377,-0.633,6.41,7.50,4.66,-0.483,-0.365,-0.636
31.5,6.90,7.93,5.18,-0.407,-0.298,-0.560,6.50,7.59,4.74,-0.470,-0.351,-0.625
31.6,7.19,8.26,5.42,-0.353,-0.225,-0.505,6.58,7.67,4.80,-0.458,-0.338,-0.615
31.7,7.35,8.46,5.56,-0.319,-0.188,-0.471,6.65,7.75,4.86,-0.447,-0.326,-0.606
31.8,7.41,8.58,5.55,-0.300,-0.155,-0.466,6.72,7.82,4.92,-0.436,-0.315,-0.596
31.9,7.37,8.59,5.49,-0.297,-0.147,-0.470,6.78,7.88,4.97,-0.426,-0.305,-0.587
32.0,7.24,8.42,5.38,-0.313,-0.176,-0.491,6.83,7.94,5.01,-0.416,-0.296,-0.578
32.1,7.05,8.27,5.19,-0.343,-0.200,-0.528,6.88,7.98,5.05,-0.408,-0.289,-0.569
32.2,6.84,8.12,4.94,-0.384,-0.236,-0.578,6.91,8.01,5.09,-0.400,-0.283,-0.561
32.3,6.65,7.92,4.70,-0.436,-0.299,-0.631,6.93,8.02,5.10,-0.395,-0.280,-0.555
32.4,6.53,7.71,4.58,-0.476,-0.353,-0.664,6.93,8.02,5.11,-0.391,-0.281,-0.552
32.5,6.53,7.60,4.65,-0.492,-0.390,-0.661,6.92,8.00,5.10,-0.391,-0.285,-0.551
32.6,6.65,7.62,4.79,-0.483,-0.397,-0.642,6.89,7.96,5.07,-0.395,-0.294,-0.555
32.7,6.85,7.84,5.04,-0.455,-0.356,-0.589,6.85,7.91,5.03,-0.403,-0.307,-0.562
32.8,7.02,8.04,5.25,-0.421,-0.308,-0.541,6.79,7.84,4.98,-0.416,-0.324,-0.573
32.9,7.10,8.12,5.34,-0.391,-0.285,-0.506,6.73,7.77,4.93,-0.434,-0.345,-0.589
33.0,7.10,8.05,5.36,-0.369,-0.283,-0.483,6.66,7.69,4.86,-0.457,-0.370,-0.608
33.1,7.04,7.94,5.36,-0.346,-0.289,-0.467,6.59,7.61,4.80,-0.487,-0.399,-0.632
33.2,6.96,7.91,5.23,-0.324,-0.278,-0.473,6.52,7.53,4.73,-0.521,-0.431,-0.660
33.3,6.86,7.84,5.10,-0.311,-0.279,-0.497,6.45,7.46,4.66,-0.560,-0.466,-0.693
33.4,6.71,7.71,4.95,-0.328,-0.305,-0.527,6.37,7.38,4.59,-0.604,-0.504,-0.731
33.5,6.47,7.47,4.71,-0.394,-0.382,-0.595,6.30,7.31,4.51,-0.651,-0.544,-0.774
33.6,6.17,7.16,4.45,-0.512,-0.488,-0.684,6.22,7.24,4.42,-0.700,-0.587,-0.822
33.7,5.84,6.86,4.09,-0.662,-0.599,-0.807,6.14,7.17,4.34,-0.752,-0.632,-0.876
33.8,5.59,6.63,3.80,-0.809,-0.698,-0.913,6.06,7.10,4.24,-0.807,-0.679,-0.934
33.9,5.50,6.54,3.71,-0.935,-0.771,-0.997,5.97,7.03,4.15,-0.864,-0.729,-0.996
34.0,5.53,6.55,3.71,-1.048,-0.842,-1.076,5.89,6.96,4.05,-0.923,-0.780,-1.061
34.1,5.53,6.57,3.67,-1.160,-0.922,-1.174,5.80,6.88,3.95,-0.985,-0.833,-1.129
34.2,5.47,6.53,3.63,-1.266,-1.016,-1.272,5.72,6.81,3.85,-1.046,-0.885,-1.196
34.3,5.46,6.54,3.56,-1.330,-1.083,-1.368,5.65,6.75,3.77,-1.106,-0.936,-1.261
34.4,5.50,6.64,3.59,-1.341,-1.116,-1.437,5.59,6.70,3.70,-1.162,-0.984,-1.322
34.5,5.62,6.83,3.63,-1.300,-1.100,-1.474,5.55,6.67,3.65,-1.211,-1.026,-1.376
34.6,5.79,7.00,3.77,-1.231,-1.078,-1.488,5.53,6.65,3.63,-1.250,-1.060,-1.422
34.7,5.81,7.06,3.83,-1.208,-1.049,-1.527,5.54,6.66,3.63,-1.280,-1.087,-1.459
34.8,5.69,6.94,3.71,-1.262,-1.065,-1.576,5.57,6.70,3.65,-1.298,-1.104,-1.486
34.9,5.41,6.62,3.46,-1.358,-1.161,-1.649,5.62,6.75,3.69,-1.306,-1.113,-1.503
35.0,5.12,6.28,3.18,-1.480,-1.272,-1.742,5.68,6.81,3.75,-1.304,-1.114,-1.512
35.1,4.96,6.05,3.02,-1.569,-1.351,-1.799,5.75,6.89,3.82,-1.296,-1.110,-1.514
35.2,4.97,6.04,3.07,-1.587,-1.376,-1.784,5.83,6.97,3.90,-1.283,-1.101,-1.509
35.3,5.19,6.24,3.30,-1.528,-1.336,-1.719,5.92,7.05,3.98,-1.266,-1.088,-1.499
35.4,5.53,6.55,3.66,-1.422,-1.251,-1.613,6.02,7.14,4.08,-1.248,-1.073,-1.484
35.5,5.91,7.03,3.99,-1.300,-1.128,-1.520,6.12,7.24,4.18,-1.228,-1.057,-1.465
35.6,6.33,7.47,4.37,-1.178,-0.997,-1.412,6.23,7.34,4.29,-1.206,-1.039,-1.443
35.7,6.68,7.76,4.73,-1.078,-0.917,-1.310,6.35,7.45,4.40,-1.184,-1.019,-1.419
35.8,6.90,8.02,4.94,-1.001,-0.867,-1.243,6.46,7.56,4.52,-1.159,-0.998,-1.391
35.9,7.02,8.14,5.07,-0.957,-0.834,-1.212,6.58,7.67,4.65,-1.133,-0.976,-1.362
36.0,7.04,8.18,5.10,-0.946,-0.807,-1.211,6.70,7.77,4.77,-1.105,-0.953,-1.332
36.1,7.05,8.20,5.11,-0.959,-0.806,-1.223,6.81,7.87,4.88,-1.078,-0.931,-1.303
36.2,7.11,8.19,5.15,-0.968,-0.827,-1.230,6.90,7.95,4.97,-1.052,-0.911,-1.276
36.3,7.18,8.23,5.18,-1.004,-0.873,-1.229,6.97,8.01,5.05,-1.030,-0.894,-1.253
36.4,7.32,8.37,5.30,-1.013,-0.867,-1.223,7.02,8.05,5.11,-1.012,-0.881,-1.234
36.5,7.47,8.50,5.51,-1.010,-0.848,-1.207,7.05,8.06,5.14,-0.999,-0.873,-1.218
36.6,7.54,8.54,5.59,-1.003,-0.843,-1.206,7.06,8.06,5.16,-0.990,-0.869,-1.206
36.7,7.54,8.55,5.60,-0.985,-0.834,-1.195,7.06,8.05,5.17,-0.984,-0.867,-1.196
36.8,7.42,8.40,5.55,-0.973,-0.847,-1.173,7.06,8.04,5.18,-0.978,-0.865,-1.186
36.9,7.25,8.15,5.41,-0.960,-0.886,-1.157,7.07,8.04,5.19,-0.973,-0.863,-1.175
37.0,7.10,7.96,5.31,-0.944,-0.894,-1.138,7.07,8.04,5.20,-0.966,-0.860,-1.164
37.1,6.91,7.76,5.13,-0.940,-0.886,-1.144,7.08,8.05,5.22,-0.959,-0.855,-1.152
37.2,6.69,7.55,4.90,-0.960,-0.874,-1.188,7.10,8.06,5.24,-0.951,-0.850,-1.140
37.3,6.44,7.31,4.63,-1.011,-0.907,-1.228,7.11,8.08,5.25,-0.944,-0.844,-1.128
37.4,6.30,7.21,4.50,-1.053,-0.929,-1.229,7.12,8.10,5.26,-0.939,-0.840,-1.119
37.5,6.36,7.27,4.59,-1.044,-0.957,-1.180,7.13,8.12,5.27,-0.935,-0.837,-1.112
37.6,6.64,7.57,4.86,-0.981,-0.928,-1.116,7.14,8.15,5.27,-0.934,-0.836,-1.108
37.7,7.07,8.04,5.29,-0.881,-0.826,-1.036,7.16,8.17,5.27,-0.935,-0.836,-1.107
37.8,7.44,8.45,5.59,-0.802,-0.733,-0.991,7.18,8.21,5.28,-0.937,-0.836,-1.106
37.9,7.69,8.79,5.75,-0.768,-0.674,-0.957,7.21,8.25,5.30,-0.939,-0.837,-1.107
38.0,7.84,9.00,5.87,-0.773,-0.651,-0.931,7.25,8.31,5.33,-0.941,-0.837,-1.107
38.1,7.87,9.04,5.91,-0.811,-0.676,-0.947,7.31,8.39,5.37,-0.944,-0.836,-1.107
38.2,7.80,8.93,5.80,-0.871,-0.735,-0.999,7.39,8.48,5.43,-0.946,-0.835,-1.107
38.3,7.59,8.73,5.58,-0.948,-0.813,-1.079,7.47,8.57,5.50,-0.949,-0.833,-1.108
38.4,7.32,8.52,5.28,-1.018,-0.885,-1.169,7.56,8.67,5.58,-0.953,-0.831,-1.110
38.5,7.12,8.31,5.07,-1.070,-0.954,-1.243,7.65,8.77,5.65,-0.958,-0.830,-1.113
38.6,7.08,8.27,5.01,-1.091,-0.972,-1.279,7.74,8.87,5.73,-0.964,-0.830,-1.117
38.7,7.24,8.43,5.18,-1.070,-0.951,-1.256,7.82,8.95,5.80,-0.971,-0.830,-1.123
38.8,7.53,8.69,5.46,-1.025,-0.904,-1.207,7.90,9.03,5.87,-0.977,-0.831,-1.130
38.9,7.84,8.93,5.79,-0.979,-0.871,-1.144,7.97,9.11,5.93,-0.983,-0.833,-1.136
39.0,8.11,9.18,6.06,-0.951,-0.840,-1.105,8.04,9.18,6.00,-0.986,-0.834,-1.142
39.1,8.30,9.39,6.27,-0.960,-0.821,-1.095,8.12,9.26,6.07,-0.988,-0.834,-1.146
39.2,8.42,9.51,6.38,-1.009,-0.823,-1.129,8.20,9.33,6.15,-0.987,-0.833,-1.148
39.3,8.51,9.62,6.49,-1.059,-0.825,-1.150,8.28,9.42,6.23,-0.983,-0.829,-1.148
39.4,8.60,9.73,6.58,-1.067,-0.806,-1.163,8.37,9.51,6.32,-0.978,-0.824,-1.145
39.5,8.71,9.82,6.65,-1.023,-0.791,-1.151,8.47,9.61,6.41,-0.971,-0.817,-1.140
39.6,8.80,9.94,6.73,-0.957,-0.748,-1.119,8.57,9.71,6.50,-0.963,-0.809,-1.134
39.7,8.84,10.00,6.79,-0.907,-0.743,-1.104,8.68,9.82,6.61,-0.952,-0.799,-1.126
39.8,8.81,9.97,6.74,-0.888,-0.758,-1.117,8.78,9.93,6.71,-0.940,-0.787,-1.116
39.9,8.76,9.92,6.70,-0.898,-0.783,-1.125,8.90,10.05,6.82,-0.926,-0.774,-1.105
40.0,8.75,9.90,6.68,-0.915,-0.808,-1.132,9.01,10.17,6.93,-0.911,-0.761,-1.092
40.1,8.80,9.92,6.73,-0.927,-0.820,-1.140,9.12,10.28,7.03,-0.894,-0.746,-1.079
40.2,8.90,10.05,6.79,-0.933,-0.817,-1.134,9.23,10.40,7.14,-0.877,-0.732,-1.066
40.3,8.97,10.13,6.82,-0.934,-0.814,-1.135,9.33,10.50,7.23,-0.861,-0.719,-1.053
40.4,9.02,10.21,6.88,-0.934,-0.808,-1.127,9.42,10.60,7.32,-0.845,-0.707,-1.041
40.5,9.17,10.39,7.02,-0.908,-0.786,-1.103,9.50,10.69,7.40,-0.832,-0.696,-1.031
40.6,9.53,10.76,7.42,-0.844,-0.716,-1.030,9.58,10.77,7.48,-0.821,-0.686,-1.022
40.7,10.00,11.24,7.89,-0.762,-0.621,-0.954,9.65,10.85,7.55,-0.812,-0.677,-1.015
40.8,10.46,11.71,8.36,-0.678,-0.519,-0.863,9.72,10.93,7.62,-0.803,-0.667,-1.008
40.9,10.72,11.94,8.61,-0.628,-0.474,-0.803,9.80,11.01,7.69,-0.795,-0.657,-1.002
41.0,10.68,11.89,8.58,-0.632,-0.495,-0.818,9.87,11.08,7.77,-0.786,-0.645,-0.994
41.1,10.49,11.69,8.42,-0.667,-0.536,-0.865,9.95,11.16,7.84,-0.776,-0.633,-0.987
41.2,10.23,11.42,8.14,-0.717,-0.597,-0.934,10.02,11.24,7.91,-0.768,-0.621,-0.980
41.3,9.96,11.20,7.88,-0.775,-0.626,-0.999,10.08,11.30,7.98,-0.760,-0.612,-0.975
41.4,9.75,11.00,7.66,-0.823,-0.667,-1.051,10.13,11.35,8.03,-0.755,-0.605,-0.972
41.5,9.65,10.90,7.53,-0.849,-0.697,-1.076,10.16,11.38,8.06,-0.754,-0.602,-0.972
41.6,9.67,10.88,7.54,-0.848,-0.699,-1.082,10.17,11.39,8.07,-0.756,-0.603,-0.975
41.7,9.84,11.06,7.71,-0.815,-0.659,-1.058,10.17,11.39,8.07,-0.761,-0.608,-0.981
41.8,10.12,11.35,8.04,-0.763,-0.594,-1.028,10.15,11.38,8.06,-0.769,-0.616,-0.989
41.9,10.43,11.66,8.32,-0.719,-0.535,-0.974,10.13,11.36,8.04,-0.777,-0.625,-0.998
42.0,10.66,11.87,8.57,-0.683,-0.501,-0.919,10.11,11.34,8.01,-0.787,-0.634,-1.007
42.1,10.73,11.93,8.65,-0.673,-0.518,-0.883,10.09,11.32,7.99,-0.795,-0.643,-1.015
42.2,10.60,11.82,8.52,-0.703,-0.543,-0.919,10.08,11.31,7.97,-0.803,-0.652,-1.021
42.3,10.32,11.55,8.26,-0.763,-0.604,-0.988,10.07,11.31,7.97,-0.810,-0.660,-1.025
42.4,9.99,11.19,7.91,-0.835,-0.691,-1.054,10.08,11.31,7.96,-0.815,-0.667,-1.028
42.5,9.76,10.96,7.69,-0.889,-0.737,-1.092,10.08,11.32,7.97,-0.820,-0.674,-1.029
42.6,9.70,10.95,7.65,-0.905,-0.765,-1.087,10.10,11.33,7.98,-0.823,-0.679,-1.029
42.7,9.80,11.05,7.71,-0.889,-0.765,-1.063,10.12,11.35,8.00,-0.826,-0.684,-1.028
42.8,9.94,11.20,7.79,-0.863,-0.727,-1.046,10.15,11.38,8.03,-0.827,-0.688,-1.025
42.9,9.99,11.28,7.80,-0.852,-0.721,-1.058,10.19,11.42,8.06,-0.826,-0.690,-1.020
43.0,9.92,11.22,7.69,-0.868,-0.731,-1.082,10.24,11.47,8.10,-0.822,-0.690,-1.014
43.1,9.80,11.09,7.61,-0.899,-0.761,-1.101,10.30,11.53,8.16,-0.817,-0.688,-1.007
43.2,9.76,10.95,7.59,-0.917,-0.802,-1.123,10.37,11.60,8.23,-0.811,-0.684,-0.998
43.3,9.88,11.09,7.77,-0.907,-0.788,-1.083,10.45,11.68,8.30,-0.803,-0.677,-0.989
43.4,10.19,11.41,8.06,-0.865,-0.748,-1.035,10.53,11.77,8.38,-0.796,-0.670,-0.979
43.5,10.56,11.77,8.42,-0.811,-0.694,-0.971,10.62,11.85,8.46,-0.789,-0.662,-0.970
43.6,10.89,12.07,8.74,-0.762,-0.628,-0.912,10.71,11.94,8.54,-0.783,-0.654,-0.963
43.7,11.15,12.37,9.04,-0.712,-0.581,-0.865,10.78,12.03,8.61,-0.779,-0.647,-0.959
43.8,11.33,12.54,9.18,-0.662,-0.558,-0.837,10.85,12.11,8.66,-0.776,-0.640,-0.958
43.9,11.50,12.70,9.32,-0.610,-0.524,-0.808,10.91,12.19,8.69,-0.775,-0.634,-0.960
44.0,11.62,12.84,9.43,-0.585,-0.496,-0.800,10.95,12.26,8.70,-0.775,-0.628,-0.966
44.1,11.65,12.89,9.48,-0.605,-0.503,-0.811,10.97,12.33,8.69,-0.777,-0.623,-0.976
44.2,11.62,12.85,9.44,-0.669,-0.530,-0.853,10.98,12.38,8.66,-0.782,-0.619,-0.990
44.3,11.48,12.70,9.31,-0.763,-0.586,-0.907,10.97,12.42,8.60,-0.790,-0.618,-1.010
44.4,11.32,12.58,9.11,-0.842,-0.641,-0.964,10.94,12.45,8.51,-0.803,-0.620,-1.036
44.5,11.12,12.38,8.89,-0.888,-0.685,-1.008,10.87,12.45,8.38,-0.823,-0.627,-1.068
44.6,10.89,12.18,8.61,-0.904,-0.719,-1.056,10.77,12.42,8.23,-0.849,-0.640,-1.108
44.7,10.68,12.23,8.25,-0.892,-0.676,-1.128,10.66,12.38,8.06,-0.881,-0.657,-1.152
44.8,10.53,12.40,7.84,-0.870,-0.631,-1.193,10.53,12.31,7.88,-0.918,-0.679,-1.198
44.9,10.44,12.53,7.48,-0.858,-0.604,-1.257,10.40,12.24,7.71,-0.957,-0.704,-1.246
45.0,10.40,12.63,7.25,-0.865,-0.601,-1.295,10.28,12.16,7.55,-0.996,-0.731,-1.292
45.1,10.36,12.58,7.20,-0.892,-0.626,-1.313,10.18,12.09,7.42,-1.033,-0.758,-1.334
45.2,10.02,12.19,7.04,-0.988,-0.722,-1.361,10.09,12.04,7.32,-1.067,-0.784,-1.371
45.3,9.65,11.91,6.71,-1.096,-0.787,-1.447,10.04,11.99,7.25,-1.095,-0.809,-1.403
45.4,,,,,,,10.00,,,-1.119,,
45.5,8.93,11.56,5.65,-1.298,-0.877,-1.715,10.00,11.96,7.21,-1.137,-0.850,-1.447
45.6,8.91,11.55,5.63,-1.334,-0.896,-1.726,10.02,11.98,7.25,-1.151,-0.866,-1.459
45.7,8.97,11.35,5.88,-1.367,-0.955,-1.707,10.08,12.01,7.32,-1.161,-0.878,-1.465
45.8,9.08,11.14,6.22,-1.408,-1.040,-1.699,10.16,12.07,7.43,-1.165,-0.887,-1.464
45.9,9.28,11.08,6.66,-1.439,-1.088,-1.679,10.28,12.14,7.57,-1.166,-0.891,-1.457
46.0,9.73,11.25,7.32,-1.406,-1.140,-1.619,10.42,12.24,7.75,-1.160,-0.891,-1.443
46.1,10.29,11.72,7.98,-1.301,-1.078,-1.501,10.59,12.36,7.96,-1.150,-0.886,-1.425
46.2,10.78,12.14,8.48,-1.191,-1.020,-1.409,10.79,12.51,8.20,-1.132,-0.877,-1.401
46.3,11.12,12.55,8.79,-1.113,-0.962,-1.341,11.01,12.68,8.46,-1.110,-0.862,-1.373
46.4,11.27,12.75,8.93,-1.077,-0.924,-1.316,11.25,12.88,8.74,-1.083,-0.845,-1.342
46.5,11.47,12.91,9.16,-1.046,-0.881,-1.272,11.51,13.09,9.02,-1.054,-0.825,-1.311
46.6,11.90,13.30,9.57,-0.971,-0.805,-1.189,11.76,13.31,9.28,-1.026,-0.805,-1.283
46.7,12.45,13.83,10.08,-0.869,-0.701,-1.080,11.99,13.53,9.53,-1.000,-0.785,-1.258
46.8,12.95,14.36,10.51,-0.778,-0.593,-1.004,12.21,13.74,9.74,-0.977,-0.766,-1.239
46.9,13.26,14.74,10.77,-0.729,-0.506,-0.986,12.40,13.95,9.92,-0.959,-0.748,-1.225
47.0,13.33,14.83,10.86,-0.733,-0.482,-1.018,12.57,14.14,10.06,-0.946,-0.732,-1.219
47.1,13.27,14.79,10.79,-0.770,-0.512,-1.086,12.70,14.31,10.16,-0.938,-0.719,-1.219
47.2,13.23,14.75,10.73,-0.821,-0.597,-1.149,12.80,14.45,10.22,-0.937,-0.710,-1.226
47.3,13.25,14.71,10.76,-0.877,-0.703,-1.181,12.80,14.51,10.17,-0.954,-0.716,-1.254
47.4,13.31,14.77,10.86,-0.921,-0.760,-1.196,12.79,14.56,10.12,-0.971,-0.723,-1.281
47.5,13.40,14.93,10.92,-0.950,-0.770,-1.227,12.82,14.65,10.11,-0.981,-0.723,-1.301
47.6,13.48,15.22,10.79,-0.969,-0.729,-1.279,12.84,14.72,10.08,-0.995,-0.728,-1.325
47.7,13.41,15.45,10.46,-0.999,-0.683,-1.354,12.84,14.78,10.04,-1.010,-0.734,-1.351
47.8,13.21,15.39,10.19,-1.027,-0.712,-1.381,12.84,14.84,10.00,-1.025,-0.740,-1.374
47.9,12.92,15.19,9.88,-1.074,-0.756,-1.438,12.85,14.90,9.96,-1.037,-0.744,-1.393
48.0,12.56,14.85,9.59,-1.134,-0.806,-1.478,12.87,14.96,9.94,-1.047,-0.746,-1.407
48.1,12.28,14.57,9.22,-1.177,-0.839,-1.553,12.88,15.02,9.91,-1.055,-0.749,-1.418
48.2,12.11,14.46,9.04,-1.194,-0.828,-1.591,12.89,15.06,9.89,-1.065,-0.753,-1.430
48.3,12.03,14.39,8.93,-1.197,-0.835,-1.641,12.88,15.09,9.85,-1.077,-0.759,-1.442
48.4,12.01,14.37,8.92,-1.205,-0.870,-1.648,12.86,15.10,9.80,-1.091,-0.768,-1.456
48.5,12.17,14.53,9.13,-1.196,-0.869,-1.606,12.83,15.10,9.75,-1.104,-0.776,-1.469
48.6,,,,,,,12.80,,,-1.115,,
48.7,,,,,,,12.78,,,-1.123,,
48.8,,,,,,,12.77,,,-1.127,,
48.9,,,,,,,12.79,,,-1.125,,
49.0,14.33,16.87,10.86,-0.844,-0.484,-1.239,12.83,15.20,9.69,-1.119,-0.785,-1.479
49.1,14.11,16.57,10.72,-0.901,-0.551,-1.270,12.90,15.27,9.75,-1.107,-0.775,-1.464
49.2,13.67,16.07,10.41,-1.003,-0.664,-1.335,12.99,15.36,9.85,-1.091,-0.761,-1.444
49.3,13.03,15.37,9.84,-1.145,-0.812,-1.464,13.10,15.48,9.96,-1.072,-0.745,-1.420
49.4,12.32,14.69,9.18,-1.299,-0.934,-1.609,13.22,15.60,10.08,-1.051,-0.727,-1.393
49.5,11.82,14.25,8.61,-1.398,-1.021,-1.735,13.36,15.73,10.22,-1.028,-0.707,-1.363
49.6,11.76,14.22,8.60,-1.394,-1.032,-1.732,13.50,15.87,10.37,-1.004,-0.686,-1.332
49.7,12.11,14.48,9.09,-1.290,-0.986,-1.613,13.64,16.01,10.53,-0.980,-0.664,-1.301
49.8,12.69,14.97,9.75,-1.136,-0.871,-1.442,13.78,16.14,10.68,-0.956,-0.643,-1.272
49.9,13.31,15.73,10.31,-0.983,-0.700,-1.319,13.91,16.27,10.82,-0.935,-0.625,-1.246
50.0,13.90,16.24,10.87,-0.851,-0.589,-1.170,14.02,16.37,10.94,-0.918,-0.610,-1.225
50.1,14.53,16.83,11.55,-0.726,-0.467,-1.020,14.11,16.46,11.04,-0.905,-0.599,-1.209
50.2,15.24,17.48,12.29,-0.592,-0.333,-0.863,14.23,16.57,11.17,-0.884,-0.582,-1.185
50.3,15.90,18.20,12.88,-0.469,-0.194,-0.751,14.37,16.70,11.32,-0.859,-0.560,-1.156
50.4,16.33,18.66,13.33,-0.402,-0.113,-0.687,14.44,16.78,11.41,-0.846,-0.550,-1.144
50.5,16.33,18.64,13.35,-0.446,-0.162,-0.716,14.51,16.84,11.47,-0.834,-0.543,-1.133
50.6,15.93,18.12,13.04,-0.586,-0.317,-0.821,14.55,16.89,11.52,-0.825,-0.538,-1.126
50.7,15.41,17.56,12.44,-0.750,-0.474,-0.996,14.58,16.92,11.56,-0.819,-0.536,-1.122
50.8,14.92,17.27,11.82,-0.895,-0.556,-1.168,14.59,16.93,11.57,-0.818,-0.538,-1.123
50.9,14.67,17.14,11.44,-0.967,-0.575,-1.269,14.58,16.93,11.56,-0.821,-0.543,-1.127
51.0,14.61,17.08,11.38,-0.964,-0.589,-1.277,14.55,16.90,11.53,-0.829,-0.552,-1.135
51.1,14.35,16.75,11.24,-0.978,-0.644,-1.285,14.51,16.87,11.49,-0.839,-0.562,-1.145
51.2,13.80,16.09,10.74,-1.034,-0.759,-1.358,14.47,16.83,11.45,-0.850,-0.572,-1.156
51.3,13.18,15.53,10.17,-1.082,-0.854,-1.433,14.42,16.80,11.40,-0.859,-0.581,-1.165
51.4,12.78,15.21,9.82,-1.075,-0.894,-1.471,14.39,16.78,11.37,-0.864,-0.585,-1.169
51.5,12.88,15.36,9.90,-1.003,-0.837,-1.415,14.39,16.79,11.36,-0.861,-0.582,-1.165
51.6,13.39,15.77,10.49,-0.908,-0.736,-1.285,14.41,16.83,11.39,-0.850,-0.571,-1.152
51.7,14.01,16.38,11.14,-0.833,-0.608,-1.162,14.48,16.90,11.45,-0.830,-0.551,-1.130
51.8,14.50,16.91,11.56,-0.798,-0.519,-1.078,14.57,17.00,11.54,-0.803,-0.525,-1.101
51.9,14.78,17.21,11.83,-0.795,-0.478,-1.036,14.67,17.12,11.64,-0.773,-0.494,-1.067
52.0,14.91,17.31,11.94,-0.795,-0.467,-1.021,14.78,17.24,11.75,-0.743,-0.464,-1.033
52.1,14.96,17.30,11.91,-0.786,-0.477,-1.028,14.88,17.35,11.84,-0.718,-0.436,-1.002
52.2,14.96,17.43,11.84,-0.766,-0.449,-1.025,14.96,17.44,11.92,-0.698,-0.413,-0.977
52.3,15.03,17.62,11.84,-0.725,-0.401,-1.003,15.02,17.51,11.97,-0.683,-0.395,-0.957
52.4,15.44,18.02,12.28,-0.613,-0.307,-0.889,15.06,17.56,12.01,-0.673,-0.380,-0.942
52.5,16.19,18.69,13.17,-0.435,-0.150,-0.680,15.09,17.60,12.03,-0.665,-0.368,-0.930
52.6,16.94,19.46,13.96,-0.264,0.038,-0.497,15.12,17.64,12.05,-0.658,-0.357,-0.920
52.7,17.32,19.96,14.25,-0.173,0.146,-0.419,15.15,17.68,12.06,-0.650,-0.346,-0.910
52.8,16.98,19.59,13.87,-0.237,0.073,-0.494,15.18,17.72,12.08,-0.640,-0.333,-0.899
52.9,16.02,18.56,12.89,-0.435,-0.142,-0.694,15.21,17.77,12.10,-0.628,-0.319,-0.887
53.0,14.76,17.27,11.70,-0.698,-0.410,-0.950,15.25,17.81,12.13,-0.614,-0.304,-0.875
53.1,13.54,16.10,10.44,-0.956,-0.653,-1.211,15.28,17.85,12.15,-0.601,-0.290,-0.862
53.2,12.75,15.38,9.58,-1.125,-0.803,-1.391,15.31,17.88,12.17,-0.589,-0.277,-0.851
53.3,12.78,15.37,9.63,-1.118,-0.801,-1.383,15.32,17.89,12.17,-0.579,-0.267,-0.841
53.4,13.64,16.12,10.49,-0.932,-0.644,-1.194,15.33,17.89,12.17,-0.571,-0.260,-0.832
53.5,14.79,17.26,11.67,-0.684,-0.400,-0.950,15.32,17.87,12.16,-0.563,-0.255,-0.824
53.6,15.80,18.40,12.58,-0.470,-0.156,-0.761,15.31,17.83,12.15,-0.554,-0.252,-0.815
53.7,16.27,19.00,13.03,-0.374,-0.031,-0.664,15.30,17.78,12.15,-0.546,-0.251,-0.804
53.8,16.33,19.07,13.09,-0.371,-0.008,-0.653,15.28,17.73,12.15,-0.536,-0.250,-0.790
53.9,16.34,19.08,13.09,-0.372,-0.006,-0.635,15.27,17.68,12.17,-0.525,-0.250,-0.773
54.0,16.34,19.06,13.11,-0.357,0.009,-0.603,15.27,17.63,12.20,-0.513,-0.249,-0.754
54.1,16.22,18.58,13.01,-0.345,-0.055,-0.580,15.28,17.58,12.25,-0.500,-0.248,-0.731
54.2,16.07,18.23,13.00,-0.330,-0.082,-0.549,15.29,17.54,12.30,-0.486,-0.247,-0.706
54.3,,,,,,,15.30,,,-0.471,,
54.4,15.68,17.95,12.34,-0.318,-0.076,-0.623,15.31,17.44,12.42,-0.457,-0.246,-0.653
54.5,15.50,17.58,12.37,-0.324,-0.138,-0.599,15.32,17.39,12.47,-0.443,-0.246,-0.627
54.6,15.29,17.27,12.42,-0.351,-0.203,-0.573,15.32,17.33,12.53,-0.429,-0.247,-0.600
54.7,14.98,16.74,12.33,-0.416,-0.314,-0.582,15.33,17.28,12.59,-0.414,-0.248,-0.573
54.8,14.51,16.16,12.11,-0.533,-0.454,-0.626,15.35,17.24,12.66,-0.397,-0.246,-0.542
54.9,14.01,15.61,11.66,-0.663,-0.580,-0.733,15.39,17.22,12.76,-0.375,-0.239,-0.509
55.0,13.70,15.32,11.32,-0.750,-0.648,-0.813,15.45,17.23,12.87,-0.349,-0.226,-0.470
55.1,13.78,15.39,11.40,-0.741,-0.631,-0.794,15.55,17.29,13.02,-0.317,-0.206,-0.427
55.2,14.32,15.86,11.95,-0.618,-0.527,-0.666,15.69,17.39,13.20,-0.278,-0.176,-0.377
55.3,15.12,16.66,12.76,-0.419,-0.344,-0.477,15.86,17.54,13.40,-0.231,-0.137,-0.322
55.4,15.92,17.46,13.62,-0.214,-0.160,-0.278,16.07,17.72,13.63,-0.177,-0.090,-0.263
55.5,16.57,18.16,14.26,-0.057,-0.007,-0.127,16.29,17.93,13.88,-0.119,-0.035,-0.200
55.6,17.07,18.73,14.74,0.057,0.126,-0.008,16.53,18.17,14.12,-0.056,0.025,-0.136
55.7,17.37,19.03,15.05,0.119,0.191,0.065,16.77,18.42,14.36,0.007,0.089,-0.073
55.8,17.46,19.12,15.17,0.129,0.220,0.099,17.01,18.67,14.59,0.071,0.155,-0.012
55.9,17.62,19.26,15.30,0.166,0.267,0.143,17.24,18.92,14.79,0.133,0.222,0.044
56.0,17.88,19.45,15.55,0.249,0.331,0.204,17.44,19.16,14.95,0.191,0.287,0.094
56.1,18.24,19.86,15.79,0.370,0.437,0.280,17.60,19.36,15.07,0.241,0.346,0.135
56.2,18.68,20.31,16.19,0.510,0.563,0.382,17.71,19.52,15.14,0.281,0.395,0.165
56.3,18.91,20.55,16.38,0.594,0.639,0.449,17.76,19.62,15.14,0.310,0.434,0.182
56.4,18.92,20.59,16.40,0.616,0.665,0.468,17.75,19.66,15.08,0.325,0.460,0.186
56.5,18.91,20.63,16.35,0.611,0.691,0.472,17.67,19.64,14.95,0.328,0.475,0.177
56.6,18.74,20.56,16.10,0.564,0.696,0.442,17.54,19.57,14.76,0.320,0.478,0.158
56.7,18.36,20.43,15.56,0.481,0.678,0.333,17.36,19.45,14.54,0.303,0.473,0.130
56.8,17.97,20.29,15.08,0.413,0.670,0.240,17.15,19.29,14.28,0.279,0.461,0.096
56.9,17.61,20.10,14.41,0.361,0.636,0.114,16.92,19.11,14.00,0.251,0.445,0.058
57.0,17.31,19.88,13.91,0.325,0.600,0.032,16.67,18.92,13.71,0.218,0.424,0.018
57.1,16.92,19.43,13.60,0.273,0.529,-0.011,16.41,18.71,13.42,0.184,0.401,-0.023
57.2,16.26,18.74,13.06,0.166,0.406,-0.089,16.16,18.50,13.13,0.149,0.377,-0.063
57.3,15.37,17.82,12.29,0.011,0.246,-0.217,15.90,18.29,12.85,0.113,0.351,-0.102
57.4,14.47,16.96,11.31,-0.144,0.100,-0.386,15.66,18.08,12.59,0.080,0.326,-0.139
57.5,13.81,16.42,10.56,-0.256,0.018,-0.506,15.43,17.89,12.35,0.051,0.304,-0.170
57.6,13.49,16.21,10.23,-0.305,-0.004,-0.550,15.24,17.72,12.15,0.027,0.285,-0.194
57.7,13.59,16.19,10.45,-0.274,0.014,-0.493,15.09,17.58,11.99,0.013,0.274,-0.209
57.8,13.94,16.41,10.93,-0.191,0.075,-0.381,15.00,17.51,11.91,0.010,0.274,-0.211
57.9,14.31,16.70,11.30,-0.101,0.156,-0.294,14.98,17.49,11.89,0.020,0.285,-0.199
58.0,14.59,17.06,11.58,-0.028,0.244,-0.232,15.03,17.54,11.95,0.043,0.310,-0.172
58.1,14.71,17.20,11.69,0.009,0.282,-0.203,15.14,17.65,12.07,0.080,0.347,-0.133
58.2,14.71,17.18,11.67,0.021,0.285,-0.199,15.32,17.83,12.25,0.126,0.394,-0.084
58.3,14.67,17.09,11.65,0.020,0.257,-0.191,15.53,18.04,12.47,0.180,0.449,-0.029
58.4,14.60,17.03,11.68,0.009,0.246,-0.168,15.77,18.28,12.71,0.238,0.508,0.030
58.5,14.63,17.17,11.69,0.018,0.280,-0.158,16.01,18.52,12.95,0.296,0.567,0.088
58.6,15.03,17.64,11.98,0.105,0.397,-0.102,16.25,18.77,13.20,0.353,0.624,0.144
58.7,15.98,18.58,12.90,0.306,0.619,0.094,16.48,19.00,13.42,0.405,0.678,0.195
58.8,17.41,19.94,14.33,0.609,0.898,0.401,16.70,19.23,13.63,0.453,0.728,0.241
58.9,18.86,21.30,15.72,0.916,1.172,0.705,16.90,19.43,13.82,0.496,0.774,0.281
59.0,19.74,22.19,16.64,1.103,1.358,0.908,17.08,19.63,13.99,0.535,0.815,0.316
59.1,19.82,22.27,16.74,1.125,1.378,0.931,17.25,19.81,14.15,0.568,0.852,0.346
59.2,19.18,21.66,16.08,0.996,1.257,0.778,17.39,19.96,14.27,0.595,0.881,0.369
59.3,18.27,20.86,15.23,0.811,1.092,0.597,17.49,20.08,14.37,0.613,0.902,0.385
59.4,17.55,20.18,14.42,0.660,0.957,0.413,17.56,20.15,14.42,0.621,0.912,0.390
59.5,17.13,19.87,13.93,0.564,0.892,0.292,17.56,20.15,14.41,0.616,0.907,0.382
59.6,17.08,19.71,13.89,0.541,0.855,0.278,17.49,20.09,14.33,0.595,0.887,0.360
59.7,17.28,19.84,14.27,0.565,0.858,0.345,17.36,19.96,14.19,0.559,0.850,0.323
59.8,17.52,20.12,14.32,0.594,0.893,0.348,17.15,19.76,13.97,0.507,0.798,0.272
59.9,17.74,20.48,14.49,0.619,0.943,0.365,16.89,19.50,13.71,0.444,0.734,0.209
60.0,17.77,20.56,14.41,0.610,0.950,0.319,16.59,19.21,13.40,0.373,0.662,0.139
60.1,17.53,20.28,14.21,0.548,0.888,0.260,16.28,18.91,13.09,0.300,0.588,0.067
60.2,17.07,19.73,13.77,0.440,0.743,0.164,15.99,18.62,12.80,0.229,0.516,-0.001
60.3,16.41,18.94,13.20,0.286,0.548,0.049,15.74,18.37,12.54,0.165,0.450,-0.063
60.4,15.63,18.17,12.48,0.110,0.368,-0.092,15.52,18.16,12.32,0.109,0.392,-0.116
60.5,14.85,17.37,11.73,-0.059,0.185,-0.245,15.35,17.98,12.15,0.061,0.341,-0.160
60.6,14.09,16.60,10.99,-0.220,0.022,-0.400,15.21,17.84,12.01,0.020,0.296,-0.197
60.7,13.38,15.92,10.33,-0.364,-0.114,-0.532,15.11,17.74,11.92,-0.014,0.259,-0.227
60.8,12.82,15.43,9.63,-0.477,-0.224,-0.676,15.04,17.66,11.85,-0.041,0.228,-0.250
60.9,12.45,15.22,9.17,-0.555,-0.274,-0.781,15.01,17.63,11.83,-0.061,0.206,-0.266
61.0,12.47,15.29,9.16,-0.559,-0.266,-0.782,15.02,17.64,11.84,-0.072,0.193,-0.273
61.1,13.13,15.81,9.87,-0.439,-0.168,-0.644,15.08,17.70,11.90,-0.074,0.191,-0.272
61.2,14.20,16.78,11.09,-0.243,0.005,-0.416,15.32,17.94,12.13,-0.038,0.229,-0.238
61.3,15.27,17.89,12.15,-0.052,0.206,-0.230,15.56,18.19,12.36,-0.000,0.268,-0.202
61.4,16.06,18.70,12.91,0.081,0.345,-0.102,15.81,18.44,12.60,0.038,0.309,-0.167
61.5,16.34,18.95,13.15,0.113,0.371,-0.084,16.06,18.70,12.85,0.078,0.351,-0.129
61.6,16.40,18.86,13.29,0.104,0.332,-0.069,16.32,18.96,13.10,0.120,0.395,-0.090
61.7,16.59,19.12,13.46,0.128,0.367,-0.051,16.59,19.24,13.36,0.163,0.440,-0.049
61.8,16.97,19.53,13.79,0.193,0.447,0.013,16.87,19.53,13.63,0.209,0.488,-0.007
61.9,17.47,20.09,14.30,0.288,0.573,0.105,17.16,19.82,13.91,0.255,0.537,0.037
62.0,17.95,20.66,14.68,0.384,0.686,0.168,17.46,20.12,14.20,0.304,0.588,0.082
62.1,18.32,21.05,15.01,0.458,0.774,0.233,17.76,20.43,14.49,0.353,0.640,0.128
62.2,18.53,21.24,15.15,0.505,0.814,0.256,18.07,20.74,14.79,0.404,0.694,0.176
62.3,18.60,21.32,15.23,0.530,0.839,0.254,18.39,21.06,15.10,0.456,0.748,0.224
62.4,18.60,21.33,15.23,0.546,0.845,0.248,18.70,21.39,15.40,0.510,0.804,0.274