UID,Session,Sample,Mass,Core,Species,Size,d45,d46,d47,sd47,d48,d49,d13C_VPDB,SE_d13C,d18O_VPDB,SE_d18O,D47,1SE_D47
C222,2015-05,ETH-1,4.92,,,,5.781279,11.519361,16.502113,0.010380,22.354335,1.385919,2.061,0.038,-2.108,0.087,0.227864,0.014769
C224,2015-05,ETH-1,3.46,,,,5.794897,11.515767,16.556689,0.010893,22.102509,0.751074,2.076,0.038,-2.112,0.087,0.282093,0.014769
C225,2015-05,ETH-2,3.53,,,,-6.192956,-5.159425,-12.115582,0.012815,-10.399161,0.758405,-10.091,0.038,-18.553,0.087,0.247760,0.014769
C226,2015-05,ETH-3,3.57,,,,5.329278,11.709696,16.626707,0.008973,22.784069,0.672592,1.572,0.038,-1.919,0.087,0.729379,0.014769
C227,2015-05,ETH-4,3.57,,,,-6.232232,-5.278805,-12.066442,0.009474,-10.517725,-1.551916,-10.129,0.038,-18.671,0.087,0.508255,0.014769
C238,2015-05,ETH-3,4.01,,,,5.413804,11.830304,16.799325,0.009488,23.033912,0.103113,1.658,0.038,-1.800,0.087,0.687723,0.014769
C239,2015-05,ETH-4,4.15,,,,-6.263902,-5.313810,-12.130734,0.008852,-10.907333,-0.390325,-10.161,0.038,-18.705,0.087,0.510886,0.014769
C249,2015-05,ETH-1,3.58,,,,5.784096,11.523056,16.533099,0.010945,22.131911,0.175179,2.064,0.038,-2.104,0.087,0.257987,0.014769
C251,2015-05,ETH-3,4.15,,,,5.481315,11.871604,16.904861,0.008814,23.218850,0.708924,1.728,0.038,-1.760,0.087,0.681314,0.014769
C252,2015-05,ETH-4,3.88,,,,-6.264466,-5.344076,-12.168734,0.009508,-10.702235,0.390235,-10.161,0.038,-18.735,0.087,0.500727,0.014769
C256,2015-05,MD88-770_bullo250,3.64,MD88-770,G. bulloides,250-315,4.566467,15.986971,20.023865,0.009730,31.293458,0.416296,0.602,0.038,2.307,0.087,0.712800,0.014769
C257,2015-05,MD00-2360_ruber250,4.07,MD00-2360,G. ruber,250-315,4.859390,12.038406,16.406648,0.010338,23.414580,0.228834,1.059,0.038,-1.593,0.087,0.661267,0.014769
C260,2015-05,ETH-3,3.97,,,,5.507557,11.943907,16.992024,0.010126,23.289230,0.463052,1.754,0.038,-1.688,0.087,0.667497,0.014769
C261,2015-05,SU90-03_bullo250,3.75,SU90-03,G. bulloides,250-315,3.908717,15.439944,18.803621,0.009269,30.121036,0.678594,-0.079,0.038,1.768,0.087,0.716189,0.014769
C262,2015-05,MD95-2014_bullo250,3.9,MD95-2014,G. bulloides,250-315,3.629624,15.317526,18.403040,0.010338,29.951089,1.121500,-0.372,0.038,1.648,0.087,0.729078,0.014769
C263,2015-05,MD88-770_bullo250,3.71,MD88-770,G. bulloides,250-315,4.580063,16.028273,20.093137,0.008503,31.321383,0.860726,0.615,0.038,2.348,0.087,0.730643,0.014769
C266,2015-05,MD88-770_bullo250,3.48,MD88-770,G. bulloides,250-315,4.610922,16.018978,20.117687,0.010136,31.368270,0.665624,0.648,0.038,2.338,0.087,0.732488,0.014769
C267,2015-05,MD00-2360_ruber250,4.11,MD00-2360,G. ruber,250-315,4.827513,12.025833,16.355777,0.009519,23.316880,0.339155,1.026,0.038,-1.606,0.087,0.654602,0.014769
C268,2015-05,SU90-03_bullo250,3.61,SU90-03,G. bulloides,250-315,3.626045,15.244428,18.317822,0.010562,29.776837,0.051966,-0.373,0.038,1.576,0.087,0.717087,0.014769
C269,2015-05,ETH-3,3.86,,,,5.472487,11.825613,16.851467,0.009670,23.110536,0.230577,1.720,0.038,-1.805,0.087,0.682558,0.014769
C272,2015-05,ETH-3,3.81,,,,5.501077,11.926981,16.993537,0.009024,23.463031,-0.304962,1.747,0.038,-1.705,0.087,0.698188,0.014769
C273,2015-05,MD95-2014_bullo250,3.68,MD95-2014,G. bulloides,250-315,3.874812,15.432323,18.759069,0.011447,30.385019,0.691015,-0.115,0.038,1.761,0.087,0.714057,0.014769
C274,2015-05,MD88-770_bullo250,3.65,MD88-770,G. bulloides,250-315,4.628655,16.080843,20.214681,0.009164,31.749585,-0.038808,0.665,0.038,2.399,0.087,0.754262,0.014769
C275,2015-05,MD00-2360_ruber250,3.63,MD00-2360,G. ruber,250-315,4.826561,11.983844,16.309788,0.009482,23.471191,0.188173,1.026,0.038,-1.647,0.087,0.649999,0.014769
C278,2015-05,ETH-3,3.93,,,,5.519355,11.915384,16.995890,0.008782,23.366267,0.233510,1.767,0.038,-1.716,0.087,0.691746,0.014769
C279,2015-05,MD88-770_bullo250,3.44,MD88-770,G. bulloides,250-315,4.639793,16.001522,20.126647,0.009857,31.454740,0.126210,0.680,0.038,2.321,0.087,0.727576,0.014769
C289,2015-05,ETH-1,3.8,,,,5.814021,11.510867,16.558178,0.009263,22.360206,0.598428,2.096,0.038,-2.117,0.087,0.265398,0.014769
C290,2015-05,ETH-2,4.4,,,,-6.183269,-5.155252,-12.086682,0.010306,-10.569105,0.437131,-10.081,0.038,-18.549,0.087,0.266734,0.014769
C291,2015-05,ETH-3,4.21,,,,5.486084,11.864201,16.902293,0.010014,23.246162,0.329683,1.734,0.038,-1.767,0.087,0.681019,0.014769
C292,2015-05,ETH-4,4.28,,,,-6.238112,-5.317399,-12.109608,0.010576,-10.745877,-1.139290,-10.134,0.038,-18.709,0.087,0.508705,0.014769
C299,2015-05,ETH-2,4.83,,,,-6.198543,-5.174503,-12.134053,0.009534,-10.637636,-1.025611,-10.097,0.038,-18.568,0.087,0.250156,0.014769
E303,2017-06,ETH-1,2.23,,,,5.460131,3.059140,7.969110,0.009867,5.750767,-0.051003,2.054,0.038,-2.073,0.087,0.266170,0.014769
E304,2017-06,ETH-3,2.33,,,,5.179607,3.453905,8.420343,0.009209,6.801761,0.145184,1.741,0.038,-1.679,0.087,0.692680,0.014769
E305,2017-06,ETH-2,2.21,,,,-6.394229,-13.314197,-20.130266,0.008869,-26.315685,-0.522587,-9.980,0.038,-18.353,0.087,0.231789,0.014769
E306,2017-06,ETH-3,2.18,,,,5.151761,3.350472,8.287252,0.009289,6.442406,-0.139977,1.715,0.038,-1.782,0.087,0.689190,0.014769
E307,2017-06,ETH-1,2.21,,,,5.409032,2.900499,7.770367,0.009809,5.556698,-0.757783,2.006,0.038,-2.231,0.087,0.277743,0.014769
E308,2017-06,ETH-3,2.07,,,,5.125263,3.311188,8.232666,0.008925,6.553463,-0.851669,1.688,0.038,-1.821,0.087,0.702813,0.014769
E309,2017-06,ETH-2,2.25,,,,-6.437675,-13.439936,-20.281956,0.009751,-26.632228,-1.351281,-10.022,0.038,-18.478,0.087,0.249589,0.014769
E310,2017-06,ETH-3,2.04,,,,5.193725,3.400852,8.403238,0.009451,6.436325,0.336163,1.758,0.038,-1.732,0.087,0.717483,0.014769
E311,2017-06,MD08-3182_pachyS200,2.05,MD08-3182,N. pachyderma (s.),200-250,4.240719,6.798353,10.775233,0.009193,13.381356,-0.205226,0.616,0.038,1.654,0.087,0.740801,0.014769
E313,2017-06,MD08-3179_inflata315,2.11,MD08-3179,G. inflata,315-355,4.169986,7.076235,10.970991,0.008313,13.797404,0.315236,0.530,0.038,1.931,0.087,0.736198,0.014769
E315,2017-06,MD02-2577_menardi560,2.06,MD02-2577,G. menardi menardi,> 560,5.312270,5.168670,10.252218,0.009026,10.114910,-0.776761,1.819,0.038,0.029,0.087,0.706400,0.014769
E316,2017-06,MOCOSED_CWuel400,2.03,MOCOSED,Cibicides wuellerstorfi,400-450,4.815998,9.128009,13.694738,0.010548,18.112167,0.078351,1.143,0.038,3.973,0.087,0.788094,0.014769
E317,2017-06,ETH-1,2.28,,,,5.373610,2.801700,7.619480,0.009284,5.234723,-0.314942,1.972,0.038,-2.329,0.087,0.256563,0.014769
E318,2017-06,MD08-3182_bullo315,2.15,MD08-3182,G. bulloides,315-355,3.489476,7.014036,10.211663,0.009320,13.923028,0.247469,-0.193,0.038,1.871,0.087,0.741233,0.014769
E319,2017-06,MOCOSED_pachyS250,2.06,MOCOSED,N. pachyderma (s.),250-315,4.325015,8.082461,12.113537,0.009176,15.869954,0.314356,0.658,0.038,2.933,0.087,0.730630,0.014769
E320,2017-06,MD08-3179_inflata355,2.16,MD08-3179,G. inflata,355-400,4.401070,6.239239,10.363019,0.009900,12.137334,-0.395375,0.807,0.038,1.097,0.087,0.705561,0.014769
E321,2017-06,ETH-2,2.3,,,,-6.430181,-13.316532,-20.167554,0.009934,-26.249787,-1.276275,-10.019,0.038,-18.356,0.087,0.233459,0.014769
E322,2017-06,MD12-3426_orbulina560,2.0,MD12-3426,Orbulina universa,> 560,5.647389,3.517023,8.961081,0.008643,6.764835,-0.101025,2.237,0.038,-1.617,0.087,0.689726,0.014769
E323,2017-06,MD02-2577_orbulina560,2.06,MD02-2577,Orbulina universa,> 560,5.627507,4.632203,10.060578,0.010089,9.123464,-0.422340,2.175,0.038,-0.506,0.087,0.719200,0.014769
E324,2017-06,ETH-3,2.23,,,,5.106094,3.268348,8.161132,0.009668,6.355533,-0.484878,1.669,0.038,-1.864,0.087,0.690994,0.014769
E325,2017-06,MD08-3179_truncaS450,2.03,MD08-3179,G. truncatulinoides (s.),450-500,4.619894,6.145872,10.504584,0.010299,12.065893,-0.108145,1.044,0.038,1.003,0.087,0.714605,0.014769
E350,2017-06,MD02-2577_menardi500,2.0,MD02-2577,G. menardi menardi,500-560,5.225882,4.913691,9.887386,0.009331,9.411125,-0.133188,1.736,0.038,-0.225,0.087,0.675633,0.014769
E351,2017-06,MD12-3426_menardi500,2.05,MD12-3426,G. menardi menardi,500-560,5.119822,4.809116,9.704989,0.010190,9.343152,-0.595257,1.627,0.038,-0.329,0.087,0.711367,0.014769
E352,2017-06,MD08-3179_ruber250,2.01,MD08-3179,G. ruber,250-315,4.482608,5.043781,9.253691,0.009686,9.695841,-0.475391,0.938,0.038,-0.094,0.087,0.680833,0.014769
E353,2017-06,ETH-3,2.19,,,,5.151512,3.339650,8.277714,0.010192,6.499058,-0.645085,1.715,0.038,-1.793,0.087,0.690820,0.014769
E354,2017-06,MOCOSED_CWuel355,2.01,MOCOSED,Cibicides wuellerstorfi,355-400,4.877981,9.153730,13.782676,0.009787,17.939308,-0.714418,1.208,0.038,3.998,0.087,0.786374,0.014769
E355,2017-06,MD08-3182_bullo250,2.11,MD08-3182,G. bulloides,250-315,3.457656,6.841528,9.996061,0.009907,13.521398,-0.224367,-0.221,0.038,1.699,0.087,0.724698,0.014769
E357,2017-06,MD02-2577_ruber250,2.08,MD02-2577,G. ruber,250-315,4.595354,3.740449,8.088732,0.008346,7.300272,-0.497023,1.107,0.038,-1.392,0.087,0.678317,0.014769
E359,2017-06,MD08-3182_bullo355,2.04,MD08-3182,G. bulloides,355-400,3.546490,7.005029,10.255206,0.008377,13.762795,0.460710,-0.132,0.038,1.861,0.087,0.733392,0.014769
E360,2017-06,MD03-2680_pachyD200,2.09,MD03-2680,N. pachyderma (d.),200-250,4.143474,6.918362,10.775047,0.008916,13.695937,0.071726,0.508,0.038,1.774,0.087,0.719607,0.014769
E361,2017-06,2FPA1_UviMed400,2.17,2FPA1,Uvigerina mediterranea,400-450,3.957989,7.506830,11.175360,0.008986,14.843882,-0.802226,0.288,0.038,2.360,0.087,0.737360,0.014769
E362,2017-06,ETH-2,2.19,,,,-6.409430,-13.326482,-20.151366,0.008976,-26.336162,-0.707617,-9.996,0.038,-18.366,0.087,0.239513,0.014769
E363,2017-06,MD00-2360_menardi560,2.18,MD00-2360,G. menardi menardi,> 560,5.220234,4.653822,9.636552,0.008841,8.876278,-0.491478,1.740,0.038,-0.484,0.087,0.687938,0.014769
E364,2017-06,MD00-2360_ruber250,2.16,MD00-2360,G. ruber,250-315,4.463944,3.326897,7.559214,0.009672,6.479997,-0.182641,0.982,0.038,-1.804,0.087,0.692251,0.014769
E365,2017-06,ETH-3,2.0,,,,5.101184,3.247711,8.151407,0.009243,6.244937,-0.389473,1.665,0.038,-1.884,0.087,0.709885,0.014769
E366,2017-06,MOCOSED_CWuel315,2.08,MOCOSED,Cibicides wuellerstorfi,315-355,4.899786,9.274611,13.903777,0.009428,18.108280,-0.025971,1.227,0.038,4.119,0.087,0.762141,0.014769
E368,2017-06,MD95-2014_bullo315,2.01,MD95-2014,G. bulloides,315-355,5.016456,8.257979,13.002070,0.010026,16.345267,-0.019592,1.389,0.038,3.106,0.087,0.732713,0.014769
E369,2017-06,MD08-3179_inflata315,2.03,MD08-3179,G. inflata,315-355,3.585626,6.790975,10.074692,0.009790,13.285179,-0.057103,-0.083,0.038,1.648,0.087,0.719990,0.014769
E370,2017-06,MD08-3179_inflata400,2.19,MD08-3179,G. inflata,400-450,4.462334,6.132788,10.310756,0.009421,11.900260,-0.249609,0.877,0.038,0.991,0.087,0.692250,0.014769
E372,2017-06,MD08-3179_truncaS355,2.14,MD08-3179,G. truncatulinoides (s.),355-400,4.545888,6.087728,10.367944,0.009089,11.923614,-0.075526,0.967,0.038,0.946,0.087,0.710666,0.014769
E374,2017-06,2FPA1_UviMed400,2.08,2FPA1,Uvigerina mediterranea,400-450,3.916255,7.583333,11.202102,0.009442,14.815319,-0.274746,0.241,0.038,2.437,0.087,0.731109,0.014769
E375,2017-06,MD12-3426_menardi560,2.1,MD12-3426,G. menardi menardi,> 560,5.125614,4.726703,9.633044,0.009508,9.237812,0.372117,1.636,0.038,-0.411,0.087,0.715011,0.014769
E376,2017-06,ETH-3,2.29,,,,5.173366,3.485373,8.446354,0.008786,6.841103,-0.387439,1.733,0.038,-1.648,0.087,0.694533,0.014769
E377,2017-06,MD00-2360_menardi500,2.17,MD00-2360,G. menardi menardi,500-560,5.210059,4.618576,9.578971,0.008704,9.036281,-0.120220,1.730,0.038,-0.519,0.087,0.672822,0.014769
E378,2017-06,ETH-1,2.19,,,,5.426529,2.955392,7.813661,0.008995,5.689730,-0.720348,2.022,0.038,-2.176,0.087,0.243099,0.014769
E379,2017-06,MD00-2360_orbulina500,2.17,MD00-2360,Orbulina universa,500-560,5.575688,3.604656,8.973954,0.010100,6.979268,-0.394333,2.157,0.038,-1.530,0.087,0.690380,0.014769
E380,2017-06,MD08-3179_truncaD400,2.15,MD08-3179,G. truncatulinoides (d.),400-450,4.491460,6.083064,10.308024,0.009687,11.943865,-0.320165,0.910,0.038,0.941,0.087,0.711620,0.014769
E381,2017-06,SU90-03_bullo250,2.15,SU90-03,G. bulloides,250-315,3.219676,6.542348,9.470119,0.008940,12.745688,-0.446187,-0.464,0.038,1.401,0.087,0.740250,0.014769
E382,2017-06,MD04-2720_pachyD200,2.15,MD04-2720,N. pachyderma (d.),200-250,5.062718,8.295094,13.113843,0.008773,16.196598,0.309160,1.437,0.038,3.143,0.087,0.765906,0.014769
E383,2017-06,MD95-2014_bullo315,2.03,MD95-2014,G. bulloides,315-355,3.627725,6.870959,10.190232,0.009264,13.488023,0.100294,-0.041,0.038,1.728,0.087,0.712349,0.014769
E384,2017-06,ETH-2,2.24,,,,-6.409953,-13.326956,-20.155788,0.010772,-26.291288,-0.523246,-9.997,0.038,-18.366,0.087,0.235234,0.014769
E385,2017-06,MD12-3401_bullo250,2.17,MD12-3401,G. bulloides,250-315,4.219580,7.198535,11.154571,0.009536,14.241731,-0.918394,0.578,0.038,2.053,0.087,0.751200,0.014769
E386,2017-06,MD08-3179_inflata250,2.15,MD08-3179,G. inflata,250-315,4.290234,6.146315,10.148207,0.009070,11.936879,-0.260460,0.693,0.038,1.005,0.087,0.694277,0.014769
E387,2017-06,ETH-3,2.26,,,,5.128238,3.305329,8.205576,0.009585,6.190306,-0.238728,1.691,0.038,-1.827,0.087,0.673250,0.014769
E388,2017-06,MD00-2360_ruber250,2.17,MD00-2360,G. ruber,250-315,4.413545,3.350183,7.512285,0.009921,6.470668,-0.391321,0.927,0.038,-1.781,0.087,0.670494,0.014769
E389,2017-06,MD02-2577_ruber250,2.22,MD02-2577,G. ruber,250-315,4.582781,3.870776,8.210467,0.008666,7.685091,-1.263872,1.089,0.038,-1.262,0.087,0.686524,0.014769
E390,2017-06,ETH-3,2.12,,,,5.201351,3.529411,8.514464,0.009320,6.984703,-0.214056,1.761,0.038,-1.604,0.087,0.689780,0.014769
E391,2017-06,MD02-2577_menardi500,2.0,MD02-2577,G. menardi menardi,500-560,5.239253,5.048025,10.053577,0.011188,9.866019,-0.607131,1.745,0.038,-0.091,0.087,0.700434,0.014769
E392,2017-06,MD00-2360_menardi500,2.08,MD00-2360,G. menardi menardi,500-560,5.167780,4.683381,9.608938,0.010123,9.094014,-0.130332,1.683,0.038,-0.454,0.087,0.684767,0.014769
E393,2017-06,MD08-3179_inflata315,2.04,MD08-3179,G. inflata,315-355,4.398896,6.146117,10.290325,0.009173,12.056899,-0.347918,0.808,0.038,1.004,0.087,0.730849,0.014769
E394,2017-06,ETH-1,2.23,,,,5.424233,3.011827,7.869069,0.009218,5.602189,0.024013,2.018,0.038,-2.120,0.087,0.245951,0.014769
E395,2017-06,SU90-03_bullo250,2.17,SU90-03,G. bulloides,250-315,3.258381,6.653108,9.608222,0.009591,13.016954,-0.217095,-0.427,0.038,1.512,0.087,0.727695,0.014769
E396,2017-06,MD08-3182_bullo250,2.17,MD08-3182,G. bulloides,250-315,3.455469,6.882173,10.043713,0.009602,13.515739,-0.166474,-0.225,0.038,1.739,0.087,0.736880,0.014769
E397,2017-06,MOCOSED_CWuel315,2.08,MOCOSED,Cibicides wuellerstorfi,315-355,4.840463,9.119441,13.692420,0.008941,18.122065,-0.904243,1.170,0.038,3.964,0.087,0.764932,0.014769
E398,2017-06,MD04-2720_pachyD200,2.03,MD04-2720,N. pachyderma (d.),200-250,5.051078,8.371858,13.169513,0.011755,16.415651,-0.267882,1.422,0.038,3.219,0.087,0.756667,0.014769
E399,2017-06,ETH-2,2.22,,,,-6.376820,-13.319823,-20.084486,0.009512,-26.454495,-0.657328,-9.962,0.038,-18.359,0.087,0.273706,0.014769
E400,2017-06,MD95-2014_bullo315,2.03,MD95-2014,G. bulloides,315-355,3.595109,6.820575,10.127686,0.009426,13.341905,-0.265822,-0.074,0.038,1.678,0.087,0.737154,0.014769
E401,2017-06,2FPA1_UviMed400,2.17,2FPA1,Uvigerina mediterranea,400-450,3.936480,7.377213,11.011511,0.008738,14.500675,-0.274037,0.270,0.038,2.231,0.087,0.719802,0.014769
E402,2017-06,MD12-3401_bullo250,2.02,MD12-3401,G. bulloides,250-315,4.151898,7.027660,10.926313,0.010148,13.739166,-0.182554,0.513,0.038,1.883,0.087,0.762351,0.014769
E403,2017-06,ETH-3,2.22,,,,5.118208,3.299531,8.193885,0.009741,6.376150,-0.051507,1.681,0.038,-1.833,0.087,0.678482,0.014769
E404,2017-06,MD00-2360_ruber250,2.15,MD00-2360,G. ruber,250-315,4.417353,3.281088,7.452448,0.009950,6.157430,-0.743108,0.934,0.038,-1.849,0.087,0.675397,0.014769
E405,2017-06,MD02-2577_ruber250,2.17,MD02-2577,G. ruber,250-315,4.598414,3.780534,8.113490,0.010299,7.323179,-0.667138,1.109,0.038,-1.352,0.087,0.656832,0.014769
E406,2017-06,MD02-2577_menardi500,2.0,MD02-2577,G. menardi menardi,500-560,5.259552,5.074517,10.104677,0.009958,10.077784,0.244498,1.766,0.038,-0.065,0.087,0.705479,0.014769
E407,2017-06,MD00-2360_menardi500,2.02,MD00-2360,G. menardi menardi,500-560,5.276300,4.663023,9.699424,0.009211,9.116157,-0.342463,1.799,0.038,-0.475,0.087,0.683216,0.014769
E408,2017-06,ETH-3,2.0,,,,5.177087,3.412806,8.366903,0.009534,6.401839,-0.265158,1.739,0.038,-1.720,0.087,0.679972,0.014769
E409,2017-06,MD08-3179_inflata315,2.13,MD08-3179,G. inflata,315-355,4.451546,6.214880,10.383406,0.010405,12.340855,-0.605338,0.862,0.038,1.072,0.087,0.696157,0.014769
E410,2017-06,SU90-03_bullo250,2.04,SU90-03,G. bulloides,250-315,3.275121,6.693126,9.653454,0.009534,13.124039,-0.204274,-0.410,0.038,1.551,0.087,0.714071,0.014769
E411,2017-06,ETH-1,2.16,,,,5.406793,2.898305,7.761652,0.010512,5.454450,-0.356124,2.003,0.038,-2.233,0.087,0.272581,0.014769
E412,2017-06,2FPA1_UviMed400,2.13,2FPA1,Uvigerina mediterranea,400-450,3.856075,7.346865,10.896338,0.009891,14.273247,-0.856561,0.185,0.038,2.201,0.087,0.716918,0.014769
E413,2017-06,MD08-3182_bullo250,2.21,MD08-3182,G. bulloides,250-315,3.456595,6.858526,10.024884,0.009415,13.411942,-0.981487,-0.223,0.038,1.716,0.087,0.740735,0.014769
E414,2017-06,MOCOSED_CWuel315,2.17,MOCOSED,Cibicides wuellerstorfi,315-355,4.930165,9.382034,14.039710,0.008478,18.465892,0.193514,1.256,0.038,4.226,0.087,0.761008,0.014769
E415,2017-06,ETH-3,2.25,,,,5.171734,3.446718,8.417369,0.011052,6.570775,-1.069252,1.732,0.038,-1.686,0.087,0.707439,0.014769
E416,2017-06,MD95-2014_bullo315,2.0,MD95-2014,G. bulloides,315-355,3.610446,6.890408,10.223042,0.008828,13.691956,0.019449,-0.060,0.038,1.747,0.087,0.750541,0.014769
E417,2017-06,2FPA1_UviMed400,2.16,2FPA1,Uvigerina mediterranea,400-450,3.919968,7.412366,11.040407,0.009548,14.611901,-0.602086,0.251,0.038,2.266,0.087,0.733670,0.014769
E418,2017-06,MD12-3401_bullo250,2.0,MD12-3401,G. bulloides,250-315,4.153366,7.076376,10.964846,0.009633,13.993010,-0.442804,0.512,0.038,1.931,0.087,0.749340,0.014769
E419,2017-06,ETH-2,2.24,,,,-6.397698,-13.302932,-20.067265,0.009740,-26.260373,-0.886454,-9.984,0.038,-18.342,0.087,0.301056,0.014769
E420,2017-06,MD00-2360_ruber250,2.22,MD00-2360,G. ruber,250-315,4.383606,3.245848,7.378780,0.008804,6.423256,-0.163419,0.899,0.038,-1.884,0.087,0.670080,0.014769
E421,2017-06,MD02-2577_ruber250,2.01,MD02-2577,G. ruber,250-315,4.583132,3.805483,8.142702,0.009665,7.322215,-0.985346,1.091,0.038,-1.327,0.087,0.681617,0.014769
E422,2017-06,ETH-1,2.03,,,,5.482922,3.020424,7.936176,0.009527,5.641831,0.374209,2.080,0.038,-2.111,0.087,0.243947,0.014769
E423,2017-06,MD04-2720_pachyD200,2.07,MD04-2720,N. pachyderma (d.),200-250,5.035452,8.267868,13.060003,0.009128,16.340306,-0.177909,1.409,0.038,3.116,0.087,0.767197,0.014769
E424,2017-06,2FPA1_UviMed400,2.01,2FPA1,Uvigerina mediterranea,400-450,3.919955,7.465111,11.076455,0.008667,14.627579,-0.048012,0.249,0.038,2.319,0.087,0.714747,0.014769
E425,2017-06,SU90-03_bullo250,2.1,SU90-03,G. bulloides,250-315,3.271995,6.670348,9.637274,0.010396,12.824987,-0.350711,-0.413,0.038,1.529,0.087,0.725406,0.014769
E426,2017-06,MD02-2577_menardi500,2.04,MD02-2577,G. menardi menardi,500-560,5.218851,4.965940,9.952669,0.009338,9.894318,-0.196970,1.727,0.038,-0.173,0.087,0.701301,0.014769
E427,2017-06,MD08-3182_bullo250,2.04,MD08-3182,G. bulloides,250-315,3.489167,6.834688,10.025081,0.009051,13.416225,-0.822623,-0.187,0.038,1.692,0.087,0.728571,0.014769
E428,2017-06,MD00-2360_menardi500,2.06,MD00-2360,G. menardi menardi,500-560,5.117302,4.561847,9.423630,0.009998,8.959336,-0.528112,1.633,0.038,-0.575,0.087,0.667834,0.014769
E429,2017-06,ETH-3,2.06,,,,5.087717,3.192346,8.042770,0.009774,6.106985,-0.658559,1.652,0.038,-1.939,0.087,0.660895,0.014769
E430,2017-06,MOCOSED_CWuel315,2.08,MOCOSED,Cibicides wuellerstorfi,315-355,4.939650,9.355086,14.011022,0.010349,18.457879,0.107753,1.267,0.038,4.199,0.087,0.746489,0.014769
E431,2017-06,MD12-3401_bullo250,2.17,MD12-3401,G. bulloides,250-315,4.184246,7.183286,11.083409,0.011745,14.096770,-0.027958,0.541,0.038,2.038,0.087,0.727367,0.014769
E432,2017-06,2FPA1_UviMed400,2.23,2FPA1,Uvigerina mediterranea,400-450,3.940274,7.440360,11.090335,0.009384,14.669970,-0.282409,0.272,0.038,2.294,0.087,0.735491,0.014769
E433,2017-06,ETH-3,2.17,,,,5.169184,3.398229,8.361139,0.009761,6.561806,-0.096330,1.732,0.038,-1.734,0.087,0.700180,0.014769
E434,2017-06,ETH-2,2.11,,,,-6.425774,-13.335461,-20.135254,0.010288,-26.450112,-0.539382,-10.013,0.038,-18.374,0.087,0.291060,0.014769
E435,2017-06,MD03-2680_pachyD200,2.04,MD03-2680,N. pachyderma (d.),200-250,4.113631,6.764480,10.606101,0.009828,13.383007,-0.424682,0.481,0.038,1.621,0.087,0.735065,0.014769
E436,2017-06,MD08-3182_pachyS200,2.09,MD08-3182,N. pachyderma (s.),200-250,4.172491,6.677468,10.581247,0.009932,12.973606,-0.479112,0.547,0.038,1.534,0.087,0.734762,0.014769
E437,2017-06,MOCOSED_pachyS200,2.12,MOCOSED,N. pachyderma (s.),200-250,4.223773,7.805506,11.758514,0.009256,15.431204,-1.073163,0.560,0.038,2.657,0.087,0.756300,0.014769
E438,2017-06,MD04-2720_pachyD200,2.01,MD04-2720,N. pachyderma (d.),200-250,5.062856,8.295452,13.109070,0.009295,16.247842,-0.186447,1.437,0.038,3.143,0.087,0.759554,0.014769
E439,2017-06,MD08-3179_ruber250,2.08,MD08-3179,G. ruber,250-315,4.516830,4.999850,9.246574,0.008588,9.702182,-0.223320,0.977,0.038,-0.138,0.087,0.681721,0.014769
E440,2017-06,ETH-2,2.23,,,,-6.410657,-13.389614,-20.201556,0.011090,-26.483065,0.225032,-9.995,0.038,-18.428,0.087,0.254871,0.014769
E441,2017-06,MD08-3179_truncaS355,2.02,MD08-3179,G. truncatulinoides (s.),355-400,4.554409,6.151402,10.446439,0.009001,11.934433,-0.340355,0.974,0.038,1.009,0.087,0.719403,0.014769
E442,2017-06,2FPA1_UviMed400,2.23,2FPA1,Uvigerina mediterranea,400-450,3.872600,7.375087,10.932987,0.010347,14.480283,-0.560042,0.202,0.038,2.229,0.087,0.707143,0.014769
E443,2017-06,ETH-3,2.11,,,,5.125439,3.322144,8.237449,0.009582,6.429537,-0.320718,1.688,0.038,-1.810,0.087,0.695353,0.014769
E444,2017-06,MD08-3179_inflata250,2.08,MD08-3179,G. inflata,250-315,4.172658,5.912513,9.824041,0.009195,11.658637,-0.879968,0.576,0.038,0.772,0.087,0.726253,0.014769
E446,2017-06,MD00-2360_menardi450,2.06,MD00-2360,G. menardi menardi,450-500,5.209643,4.847258,9.823124,0.009229,9.356353,-0.750456,1.721,0.038,-0.291,0.087,0.697047,0.014769
E447,2017-06,MD08-3182_pachyS200,2.04,MD08-3182,N. pachyderma (s.),200-250,4.247284,6.912815,10.888725,0.009551,13.594990,-0.502044,0.619,0.038,1.768,0.087,0.734074,0.014769
E448,2017-06,MD08-3179_truncaD315,2.18,MD08-3179,G. truncatulinoides (d.),315-355,4.437361,6.121773,10.272986,0.010119,12.076025,-0.189289,0.850,0.038,0.980,0.087,0.690790,0.014769
E449,2017-06,ETH-3,2.11,,,,5.150549,3.397080,8.318659,0.009151,6.787274,-1.250820,1.712,0.038,-1.735,0.087,0.673301,0.014769
E450,2017-06,ETH-1,2.03,,,,5.420102,2.939838,7.809878,0.009956,5.657981,-0.290229,2.016,0.038,-2.191,0.087,0.265027,0.014769
E451,2017-06,MOCOSED_pachyS200,2.11,MOCOSED,N. pachyderma (s.),200-250,4.251187,7.905208,11.885148,0.008287,15.657641,-0.745167,0.586,0.038,2.756,0.087,0.756917,0.014769
E452,2017-06,MD03-2680_pachyD200,2.01,MD03-2680,N. pachyderma (d.),200-250,4.086748,6.764731,10.588440,0.009391,13.349749,-0.713275,0.453,0.038,1.621,0.087,0.746957,0.014769
E453,2017-06,MD08-3182_bullo315,2.01,MD08-3182,G. bulloides,315-355,3.400466,6.700044,9.816402,0.008428,13.306703,-1.174800,-0.277,0.038,1.558,0.087,0.746518,0.014769
E454,2017-07,MD12-3426_menardi500,2.05,MD12-3426,G. menardi menardi,500-560,5.144133,4.849231,9.773603,0.009156,9.412978,-0.418735,1.668,0.038,-0.245,0.087,0.718136,0.014769
E456,2017-07,MD08-3179_ruber250,2.05,MD08-3179,G. ruber,250-315,4.488397,4.966196,9.219562,0.010071,9.734971,-0.740376,0.964,0.038,-0.127,0.087,0.726155,0.014769
E460,2017-07,MD08-3179_truncaS355,2.07,MD08-3179,G. truncatulinoides (s.),355-400,4.462465,6.179296,10.383125,0.009993,12.085211,-0.670483,0.892,0.038,1.082,0.087,0.726459,0.014769
E461,2017-07,ETH-3,4.19,,,,5.192642,3.448857,8.423160,0.010065,6.748065,-0.197028,1.771,0.038,-1.640,0.087,0.686570,0.014769
E462,2017-07,ETH-2,2.36,,,,-6.413463,-13.370839,-20.166612,0.008469,-26.367593,-0.900104,-9.982,0.038,-18.366,0.087,0.263632,0.014769
E463,2017-07,ETH-3,2.11,,,,5.148271,3.325917,8.264630,0.010399,6.407206,-0.450437,1.729,0.038,-1.762,0.087,0.696197,0.014769
E464,2017-07,ETH-2,2.22,,,,-6.432150,-13.411958,-20.240766,0.009276,-26.497197,-0.615421,-10.001,0.038,-18.407,0.087,0.244110,0.014769
E465,2017-07,ETH-1,2.04,,,,5.396376,2.833946,7.687865,0.009837,5.354868,-0.228365,2.011,0.038,-2.253,0.087,0.265237,0.014769
E466,2017-07,ETH-3,2.28,,,,5.102341,3.219892,8.087327,0.010173,6.193446,-0.605551,1.684,0.038,-1.867,0.087,0.664082,0.014769
E467,2017-07,ETH-1,2.22,,,,5.357325,2.767488,7.564304,0.009141,5.390815,-0.345926,1.972,0.038,-2.319,0.087,0.242740,0.014769
E468,2017-07,MD08-3182_pachyS200,2.0,MD08-3182,N. pachyderma (s.),200-250,4.284245,6.940420,10.944599,0.009728,13.635910,0.045570,0.674,0.038,1.840,0.087,0.724943,0.014769
E469,2017-07,MD00-2360_orbulina500,2.11,MD00-2360,Orbulina universa,500-560,5.600850,3.633710,9.025327,0.010160,7.037983,-0.088856,2.200,0.038,-1.456,0.087,0.687589,0.014769
E470,2017-07,MD08-3182_bullo315,2.05,MD08-3182,G. bulloides,315-355,3.495113,6.980165,10.197697,0.009922,13.814818,-0.127739,-0.169,0.038,1.881,0.087,0.760084,0.014769
E471,2017-07,ETH-2,2.15,,,,-6.415195,-13.309672,-20.134835,0.010067,-26.421870,-0.191836,-9.986,0.038,-18.305,0.087,0.230817,0.014769
E472,2017-07,ETH-3,2.18,,,,5.163725,3.403182,8.365970,0.009035,6.602467,-0.272125,1.742,0.038,-1.685,0.087,0.708049,0.014769
E473,2017-07,MD08-3179_inflata250,2.02,MD08-3179,G. inflata,250-315,4.207614,5.962449,9.881151,0.009016,11.611734,-0.579913,0.628,0.038,0.866,0.087,0.693753,0.014769
E474,2017-07,MD03-2680_pachyD200,2.0,MD03-2680,N. pachyderma (d.),200-250,4.088243,6.736409,10.536840,0.008995,13.178650,-0.278241,0.472,0.038,1.637,0.087,0.718222,0.014769
E475,2017-07,ETH-3,2.03,,,,5.198168,3.415048,8.393406,0.010176,6.581203,-0.331050,1.779,0.038,-1.673,0.087,0.683798,0.014769
E476,2017-07,ETH-1,2.03,,,,5.456253,2.996906,7.898614,0.010451,5.714505,-1.146600,2.069,0.038,-2.090,0.087,0.251956,0.014769
E477,2017-07,MD08-3179_ruber250,2.05,MD08-3179,G. ruber,250-315,4.501944,4.979826,9.225350,0.009466,9.674543,-0.380527,0.978,0.038,-0.113,0.087,0.699574,0.014769
E478,2017-07,MD08-3182_bullo355,2.04,MD08-3182,G. bulloides,355-400,3.508400,6.788291,10.003002,0.010130,13.446976,-0.394034,-0.148,0.038,1.690,0.087,0.734956,0.014769
E479,2017-07,MD12-3426_menardi500,2.06,MD12-3426,G. menardi menardi,500-560,5.142524,4.655647,9.528117,0.010165,9.123262,-0.435659,1.673,0.038,-0.438,0.087,0.651770,0.014769
E480,2017-07,MOCOSED_pachyS200,2.02,MOCOSED,N. pachyderma (s.),200-250,4.254479,7.864818,11.838281,0.010093,15.313362,-0.670800,0.608,0.038,2.761,0.087,0.746914,0.014769
E481,2017-07,MD02-2577_menardi560,2.16,MD02-2577,G. menardi menardi,> 560,5.292622,5.168810,10.207808,0.009437,10.161327,-1.322760,1.814,0.038,0.073,0.087,0.678083,0.014769
E482a,2017-07,MOCOSED_CWuel355,2.0,MOCOSED,Cibicides wuellerstorfi,355-400,4.809628,9.034872,13.586142,0.009257,17.677664,-0.619298,1.157,0.038,3.925,0.087,0.779299,0.014769
E482b,2017-07,MOCOSED_CWuel400,2.0,MOCOSED,Cibicides wuellerstorfi,400-450,4.925354,9.380092,14.031746,0.009974,18.349485,0.286665,1.267,0.038,4.268,0.087,0.763514,0.014769
E483,2017-07,MD08-3182_bullo315,2.08,MD08-3182,G. bulloides,315-355,3.512155,6.966505,10.190140,0.009836,13.667423,0.207527,-0.151,0.038,1.868,0.087,0.745585,0.014769
E484,2017-07,MD08-3179_inflata250,2.13,MD08-3179,G. inflata,250-315,4.249274,6.068092,10.030330,0.009581,11.775930,-0.435375,0.669,0.038,0.971,0.087,0.696989,0.014769
E485,2017-07,ETH-2,2.18,,,,-6.411782,-13.226623,-20.044593,0.010010,-25.966975,0.032309,-9.986,0.038,-18.222,0.087,0.238707,0.014769
E486,2017-07,MD08-3179_truncaS355,2.16,MD08-3179,G. truncatulinoides (s.),355-400,4.466105,6.156980,10.361637,0.008999,11.632904,-1.570305,0.896,0.038,1.059,0.087,0.722328,0.014769
E487,2017-07,MD00-2360_orbulina500,2.06,MD00-2360,Orbulina universa,500-560,5.471437,3.593197,8.838077,0.010757,6.962400,-0.834371,2.063,0.038,-1.497,0.087,0.669862,0.014769
E488,2017-07,MD02-2577_orbulina560,2.09,MD02-2577,Orbulina universa,> 560,5.708080,4.467648,9.957574,0.009363,8.689305,-0.780078,2.283,0.038,-0.626,0.087,0.691048,0.014769
E490,2017-07,ETH-3,2.02,,,,5.191795,3.533875,8.508485,0.009096,6.945872,-0.176505,1.767,0.038,-1.555,0.087,0.689939,0.014769
E491,2017-07,MD02-2577_menardi560,2.13,MD02-2577,G. menardi menardi,> 560,5.385723,5.297464,10.425497,0.009049,10.270900,-0.691310,1.909,0.038,0.201,0.087,0.672490,0.014769
E492,2017-07,MOCOSED_pachyS200,2.16,MOCOSED,N. pachyderma (s.),200-250,4.301193,7.994864,12.013158,0.008340,15.674540,-0.437399,0.653,0.038,2.890,0.087,0.745787,0.014769
E494,2017-07,MOCOSED_CWuel355,2.15,MOCOSED,Cibicides wuellerstorfi,355-400,4.852353,9.191407,13.789300,0.010013,17.912246,-0.297606,1.196,0.038,4.081,0.087,0.785900,0.014769
E495,2017-07,MD08-3179_inflata355,2.12,MD08-3179,G. inflata,355-400,4.341649,6.037774,10.115219,0.009435,11.806530,-0.500319,0.768,0.038,0.941,0.087,0.720892,0.014769
E496,2017-07,MD08-3182_bullo355,2.03,MD08-3182,G. bulloides,355-400,3.439473,6.712151,9.846384,0.009442,13.197391,-1.661463,-0.219,0.038,1.615,0.087,0.721526,0.014769
E497,2017-07,ETH-1,2.27,,,,5.357257,2.875886,7.644269,0.010319,5.455557,-0.033227,1.968,0.038,-2.211,0.087,0.210155,0.014769
E498,2017-07,MOCOSED_CWuel400,2.08,MOCOSED,Cibicides wuellerstorfi,400-450,4.903670,9.293761,13.925496,0.010347,18.090698,0.448591,1.247,0.038,4.183,0.087,0.764618,0.014769
E499,2017-07,MD08-3179_inflata400,2.15,MD08-3179,G. inflata,400-450,4.526958,6.261220,10.509317,0.010298,12.232838,0.074691,0.958,0.038,1.163,0.087,0.700967,0.014769
E500,2017-07,ETH-2,2.22,,,,-6.408709,-13.379997,-20.181114,0.010450,-26.359976,-0.877745,-9.977,0.038,-18.375,0.087,0.250386,0.014769
E501,2017-07,MD08-3179_truncaS450,2.02,MD08-3179,G. truncatulinoides (s.),450-500,4.700713,6.296323,10.734755,0.011463,12.400415,-0.597370,1.142,0.038,1.198,0.087,0.715527,0.014769
E502,2017-07,MD00-2360_menardi355,2.21,MD00-2360,G. menardi menardi,355-400,5.134894,4.661444,9.525908,0.010267,8.900847,-0.239648,1.665,0.038,-0.432,0.087,0.651716,0.014769
E503,2017-07,ETH-3,2.03,,,,5.129040,3.263089,8.164498,0.008976,6.253532,-0.270514,1.710,0.038,-1.825,0.087,0.673120,0.014769
E504,2017-07,MD08-3179_truncaD315,2.17,MD08-3179,G. truncatulinoides (d.),315-355,4.408631,5.942795,10.073904,0.009966,11.504441,-0.971212,0.843,0.038,0.846,0.087,0.699669,0.014769
E505,2017-07,MD02-2577_orbulina560,2.03,MD02-2577,Orbulina universa,> 560,5.633423,4.472023,9.872616,0.010251,8.746698,-0.315981,2.204,0.038,-0.622,0.087,0.675749,0.014769
E506,2017-07,MOCOSED_CWuel355,2.08,MOCOSED,Cibicides wuellerstorfi,355-400,4.929498,9.346481,14.016148,0.009373,18.540670,0.235014,1.273,0.038,4.235,0.087,0.779606,0.014769
E507,2017-07,MD08-3182_bullo355,2.05,MD08-3182,G. bulloides,355-400,3.555417,7.009478,10.244004,0.010902,13.731842,-0.102161,-0.106,0.038,1.910,0.087,0.705023,0.014769
E508,2017-07,MD08-3179_inflata355,2.14,MD08-3179,G. inflata,355-400,4.467177,6.353196,10.543586,0.008870,12.367144,-0.732660,0.890,0.038,1.255,0.087,0.707986,0.014769
E509,2017-07,ETH-3,2.19,,,,5.146835,3.425638,8.378104,0.009358,6.645633,-1.031380,1.723,0.038,-1.663,0.087,0.717260,0.014769
E510,2017-07,MD00-2360_orbulina500,2.12,MD00-2360,Orbulina universa,500-560,5.364334,3.779424,8.914068,0.008486,7.205363,-0.708782,1.942,0.038,-1.311,0.087,0.673917,0.014769
E511,2017-07,MD02-2577_menardi560,2.16,MD02-2577,G. menardi menardi,> 560,5.307527,5.302355,10.351043,0.009897,10.416069,-0.813377,1.825,0.038,0.206,0.087,0.674096,0.014769
E512,2017-07,MD00-2360_menardi450,2.05,MD00-2360,G. menardi menardi,450-500,5.068687,4.603423,9.449608,0.010059,9.046213,-0.971521,1.597,0.038,-0.489,0.087,0.711953,0.014769
E513,2017-07,ETH-1,2.19,,,,5.362264,2.805374,7.630101,0.009925,5.412016,0.292109,1.976,0.038,-2.281,0.087,0.271822,0.014769
E514,2017-07,MD02-2577_orbulina560,2.15,MD02-2577,Orbulina universa,> 560,5.716262,4.740672,10.234476,0.010511,9.178208,-0.370457,2.282,0.038,-0.354,0.087,0.691417,0.014769
E515,2017-07,ETH-2,2.13,,,,-6.391101,-13.305147,-20.088672,0.009308,-26.283335,0.021401,-9.961,0.038,-18.301,0.087,0.252939,0.014769
E516,2017-07,MD00-2360_menardi355,2.16,MD00-2360,G. menardi menardi,355-400,5.157611,4.784886,9.702925,0.009323,9.342386,-0.747992,1.685,0.038,-0.309,0.087,0.691749,0.014769
E517,2017-07,MD08-3179_truncaD400,2.02,MD08-3179,G. truncatulinoides (d.),400-450,4.592483,6.184413,10.498347,0.009581,12.069464,-0.194492,1.030,0.038,1.086,0.087,0.697036,0.014769
E518,2017-07,MD08-3179_truncaS450,2.24,MD08-3179,G. truncatulinoides (s.),450-500,4.574379,6.162468,10.465586,0.010728,12.031186,-0.659302,1.012,0.038,1.064,0.087,0.706203,0.014769
E521,2017-07,MOCOSED_CWuel400,2.2,MOCOSED,Cibicides wuellerstorfi,400-450,4.769089,8.551720,13.040036,0.008794,16.751667,-0.004799,1.131,0.038,3.444,0.087,0.742272,0.014769
E522,2017-07,MD08-3179_inflata355,2.18,MD08-3179,G. inflata,355-400,4.473740,6.304740,10.497119,0.009731,12.443230,-0.014448,0.899,0.038,1.206,0.087,0.700956,0.014769
E523,2017-07,MD08-3179_truncaD315,2.05,MD08-3179,G. truncatulinoides (d.),315-355,4.532848,6.227592,10.479975,0.008810,12.023138,0.064477,0.965,0.038,1.129,0.087,0.697975,0.014769
E524,2017-07,ETH-3,2.26,,,,5.160037,3.409728,8.361607,0.009019,6.607727,-0.387962,1.738,0.038,-1.679,0.087,0.699406,0.014769
E525,2017-07,MD08-3179_truncaD450,2.11,MD08-3179,G. truncatulinoides (d.),450-500,4.552899,6.152644,10.436340,0.009742,12.072299,0.036255,0.989,0.038,1.055,0.087,0.709334,0.014769
E526,2017-07,MD12-3426_menardi560,2.06,MD12-3426,G. menardi menardi,> 560,5.065627,4.558843,9.378382,0.009759,8.867409,-0.689981,1.595,0.038,-0.534,0.087,0.681948,0.014769
E527,2017-07,MD00-2360_menardi450,2.2,MD00-2360,G. menardi menardi,450-500,5.173998,4.617333,9.551730,0.008488,9.102990,-0.707928,1.708,0.038,-0.476,0.087,0.687330,0.014769
E528,2017-07,ETH-1,2.07,,,,5.374276,2.827011,7.654780,0.009849,5.382464,-1.270174,1.988,0.038,-2.259,0.087,0.260822,0.014769
E529,2017-07,MD08-3179_inflata400,2.15,MD08-3179,G. inflata,400-450,4.366935,6.101576,10.189428,0.008813,11.897634,0.883514,0.793,0.038,1.004,0.087,0.703084,0.014769
E530,2017-07,MOCOSED_CWuel250,2.07,MOCOSED,Cibicides wuellerstorfi,250-315,4.903236,9.359775,13.993779,0.009136,18.292055,0.018376,1.245,0.038,4.248,0.087,0.769472,0.014769
E531,2017-07,MOCOSED_pachyS250,2.1,MOCOSED,N. pachyderma (s.),250-315,4.329449,8.058715,12.097144,0.010259,15.817724,0.227624,0.681,0.038,2.954,0.087,0.736155,0.014769
E532,2017-07,MD08-3179_truncaS450,2.16,MD08-3179,G. truncatulinoides (s.),450-500,4.644916,6.249970,10.637613,0.010247,12.340776,-0.193394,1.084,0.038,1.151,0.087,0.722772,0.014769
E533,2017-07,MD08-3179_truncaD400,2.11,MD08-3179,G. truncatulinoides (d.),400-450,4.534223,6.150347,10.402842,0.008831,12.022335,0.106868,0.969,0.038,1.053,0.087,0.694557,0.014769
E534,2017-07,ETH-2,2.21,,,,-6.437344,-13.381631,-20.198417,0.008784,-26.360051,-0.036157,-10.007,0.038,-18.377,0.087,0.267208,0.014769
E535,2017-07,ETH-3,2.19,,,,5.120447,3.301790,8.196729,0.009081,6.318530,-0.908084,1.700,0.038,-1.786,0.087,0.676917,0.014769
E536,2017-07,MD00-2360_menardi355,2.03,MD00-2360,G. menardi menardi,355-400,5.095998,4.567444,9.412257,0.010478,8.999201,-0.296302,1.627,0.038,-0.525,0.087,0.674748,0.014769
E538,2017-07,MD00-2360_menardi400,2.15,MD00-2360,G. menardi menardi,400-450,5.220836,4.832891,9.805310,0.011108,9.315233,-0.035443,1.750,0.038,-0.261,0.087,0.679601,0.014769
E539,2017-07,ETH-3,2.18,,,,5.185111,3.401138,8.375340,0.009260,6.559525,-1.063206,1.765,0.038,-1.687,0.087,0.694937,0.014769
E540,2017-07,MD12-3426_menardi560,2.1,MD12-3426,G. menardi menardi,> 560,5.081921,4.613186,9.456721,0.009677,9.097836,-0.407272,1.610,0.038,-0.480,0.087,0.692092,0.014769
E541,2017-07,MD02-2577_ruber315,2.01,MD02-2577,G. ruber,315-355,4.965937,3.688452,8.413440,0.009962,7.065216,-0.451104,1.521,0.038,-1.400,0.087,0.672047,0.014769
E542,2017-07,MD00-2360_menardi450,2.32,MD00-2360,G. menardi menardi,450-500,5.218572,4.604259,9.585280,0.008444,9.131985,0.268311,1.756,0.038,-0.489,0.087,0.687940,0.014769
E543,2017-07,MD08-3179_truncaD315,2.13,MD08-3179,G. truncatulinoides (d.),315-355,4.463696,6.061098,10.269878,0.010694,11.827964,-0.461623,0.897,0.038,0.964,0.087,0.728223,0.014769
E544,2017-07,ETH-1,2.24,,,,5.371187,2.827898,7.648823,0.010676,5.375140,-0.794215,1.985,0.038,-2.259,0.087,0.256307,0.014769
E546,2017-07,ETH-2,2.2,,,,-6.380928,-13.165870,-19.921262,0.010408,-25.899073,-0.092851,-9.955,0.038,-18.162,0.087,0.280861,0.014769
E547,2017-07,MD08-3179_truncaD400,2.05,MD08-3179,G. truncatulinoides (d.),400-450,4.601269,6.302434,10.639355,0.010188,12.409932,-0.367903,1.035,0.038,1.204,0.087,0.716955,0.014769
E548,2017-07,MD08-3179_inflata450,2.09,MD08-3179,G. inflata,450-500,4.570170,6.233180,10.527210,0.009917,12.210453,0.044698,1.005,0.038,1.135,0.087,0.702002,0.014769
E549,2017-07,MD00-2360_menardi355,2.16,MD00-2360,G. menardi menardi,355-400,5.150011,4.736459,9.639575,0.009819,9.259224,0.285918,1.678,0.038,-0.357,0.087,0.681898,0.014769
E550,2017-07,MD12-3401_bullo200,2.11,MD12-3401,G. bulloides,200-250,3.860400,6.930181,10.512980,0.009114,13.557755,-1.453273,0.222,0.038,1.831,0.087,0.744427,0.014769
E551,2017-07,MD95-2014_bullo355,2.11,MD95-2014,G. bulloides,355-400,3.564418,6.751732,10.024909,0.009287,13.319891,-1.459297,-0.087,0.038,1.654,0.087,0.734877,0.014769
E552,2017-07,MOCOSED_CWuel250,2.08,MOCOSED,Cibicides wuellerstorfi,250-315,4.782279,9.069201,13.575249,0.010236,17.886216,1.592182,1.126,0.038,3.959,0.087,0.759273,0.014769
E554,2017-07,MD00-2360_menardi400,2.06,MD00-2360,G. menardi menardi,400-450,5.236158,4.712978,9.714095,0.011318,8.467616,-0.957597,1.771,0.038,-0.381,0.087,0.692841,0.014769
E555,2017-07,MD00-2360_orbulina560,2.0,MD00-2360,Orbulina universa,> 560,5.609254,3.684455,9.092814,0.010134,7.187531,-0.665865,2.207,0.038,-1.406,0.087,0.698702,0.014769
E556,2017-07,MD08-3179_truncaD355,2.03,MD08-3179,G. truncatulinoides (d.),355-400,4.583576,6.192902,10.533326,0.010490,12.394941,0.161612,1.020,0.038,1.095,0.087,0.741209,0.014769
E557,2017-07,MD08-3179_truncaS400,2.07,MD08-3179,G. truncatulinoides (s.),400-450,4.618397,6.183650,10.562630,0.010441,12.037442,-0.115922,1.058,0.038,1.085,0.087,0.744259,0.014769
E558,2017-07,ETH-1,2.01,,,,5.403543,2.900510,7.771114,0.010436,5.408074,-0.934994,2.017,0.038,-2.186,0.087,0.278262,0.014769
E559,2017-07,MD08-3179_inflata200,2.06,MD08-3179,G. inflata,200-250,3.809960,5.795284,9.306904,0.010445,11.341196,0.048545,0.210,0.038,0.700,0.087,0.693230,0.014769
E560,2017-07,ETH-3,2.26,,,,5.091673,3.207642,8.083762,0.010673,6.269700,0.482574,1.673,0.038,-1.880,0.087,0.688087,0.014769
E561,2017-07,MD08-3179_ruber200,2.03,MD08-3179,G. ruber,200-250,4.033873,5.071417,8.837628,0.009611,9.677122,0.268813,0.476,0.038,-0.021,0.087,0.705195,0.014769
E562,2017-07,ETH-2,2.28,,,,-6.390164,-13.317980,-20.103840,0.010812,-26.323318,-0.043472,-9.959,0.038,-18.314,0.087,0.248284,0.014769
E563,2017-07,MOCOSED_CWuel250,2.08,MOCOSED,Cibicides wuellerstorfi,250-315,4.847846,9.139704,13.739858,0.009376,18.228158,0.274799,1.194,0.038,4.029,0.087,0.793217,0.014769
E564,2017-07,MD08-3182_bullo200,2.08,MD08-3182,G. bulloides,200-250,3.372512,6.872658,9.941760,0.010325,13.523651,-0.309384,-0.296,0.038,1.775,0.087,0.730398,0.014769
E565,2017-07,MOCOSED_pachyS250,2.01,MOCOSED,N. pachyderma (s.),250-315,4.293013,7.864493,11.897957,0.008342,15.432161,-0.192036,0.649,0.038,2.760,0.087,0.771772,0.014769
E566,2017-07,MD95-2014_bullo355,2.12,MD95-2014,G. bulloides,355-400,3.508358,6.682205,9.887481,0.009786,13.132360,0.096180,-0.144,0.038,1.585,0.087,0.720752,0.014769
E567,2017-07,ETH-3,2.11,,,,5.079773,3.167305,8.045722,0.009408,6.280470,0.312667,1.661,0.038,-1.920,0.087,0.705130,0.014769
E568,2017-07,MD08-3179_inflata450,2.13,MD08-3179,G. inflata,450-500,4.597402,6.325824,10.657793,0.009720,12.203292,-0.256250,1.030,0.038,1.227,0.087,0.716313,0.014769
E569,2017-07,MD00-2360_menardi400,2.11,MD00-2360,G. menardi menardi,400-450,5.182024,4.735734,9.690194,0.009207,9.191439,-0.724408,1.713,0.038,-0.358,0.087,0.704559,0.014769
E570,2017-07,MD12-3426_menardi560,2.13,MD12-3426,G. menardi menardi,> 560,5.057437,4.745819,9.574723,0.009753,9.247593,-0.200356,1.579,0.038,-0.348,0.087,0.708154,0.014769
E571,2017-07,ETH-1,2.06,,,,5.403928,2.933473,7.806638,0.009480,5.454539,0.298406,2.016,0.038,-2.153,0.087,0.281683,0.014769
E572,2017-07,MD02-2577_ruber315,2.04,MD02-2577,G. ruber,315-355,4.948911,3.657029,8.379884,0.009569,6.900078,-1.070828,1.504,0.038,-1.432,0.087,0.690327,0.014769
E573,2017-07,ETH-3,2.09,,,,5.082998,3.216210,8.092344,0.010946,6.247899,0.604059,1.663,0.038,-1.871,0.087,0.699319,0.014769
E574,2017-07,ETH-3,2.19,,,,5.021199,3.140950,7.917402,0.019027,4.835628,-42.823285,1.600,0.038,-1.946,0.087,0.652943,0.014769
E575,2017-07,MD12-3401_bullo200,2.04,MD12-3401,G. bulloides,200-250,3.932029,7.160171,10.806696,0.008478,14.083584,0.112876,0.290,0.038,2.060,0.087,0.737422,0.014769
E576,2017-07,MD08-3179_inflata450,2.04,MD08-3179,G. inflata,450-500,4.554984,6.220913,10.492533,0.009857,12.171615,1.752485,0.989,0.038,1.123,0.087,0.693394,0.014769
E577,2017-07,MD08-3179_ruber200,2.09,MD08-3179,G. ruber,200-250,4.042864,5.007692,8.793225,0.011287,9.596281,0.455502,0.488,0.038,-0.084,0.087,0.716088,0.014769
E578,2017-07,MD08-3179_truncaS400,2.09,MD08-3179,G. truncatulinoides (s.),400-450,4.583115,6.183859,10.504425,0.009954,12.239500,2.042438,1.020,0.038,1.086,0.087,0.717106,0.014769
E579,2017-07,MD00-2360_menardi560,2.1,MD00-2360,G. menardi menardi,> 560,5.220785,4.561053,9.549044,0.010509,8.972074,0.847811,1.760,0.038,-0.532,0.087,0.692757,0.014769
E580,2017-07,ETH-2,2.0,,,,-6.419039,-13.356143,-20.142169,0.010769,-26.389042,-0.936746,-9.989,0.038,-18.351,0.087,0.283738,0.014769
E581,2017-07,MD08-3179_truncaD355,2.03,MD08-3179,G. truncatulinoides (d.),355-400,4.492100,6.006054,10.250695,0.011416,11.532047,-2.285629,0.930,0.038,0.909,0.087,0.735040,0.014769
E582,2017-07,ETH-3,2.07,,,,5.074375,3.205141,8.063138,0.011538,6.158018,0.835796,1.654,0.038,-1.882,0.087,0.687612,0.014769
E611,2017-08,ETH-3,2.02,,,,5.182220,3.527690,8.530536,0.009543,7.036270,0.002474,1.746,0.038,-1.608,0.087,0.699621,0.014769
E612,2017-08,ETH-1,2.15,,,,5.422260,2.988962,7.866676,0.010186,5.591719,-0.120989,2.022,0.038,-2.145,0.087,0.241715,0.014769
E613,2017-08,ETH-3,2.3,,,,5.140530,3.379140,8.315120,0.009753,6.705384,-0.502208,1.707,0.038,-1.756,0.087,0.668132,0.014769
E614,2017-08,ETH-2,2.28,,,,-6.398975,-13.285931,-20.127668,0.010330,-26.485279,-0.623582,-9.981,0.038,-18.327,0.087,0.257410,0.014769
E615,2017-08,ETH-1,2.16,,,,5.391678,2.886013,7.758699,0.010076,5.807683,-0.540324,1.993,0.038,-2.247,0.087,0.271603,0.014769
E616,2017-08,ETH-3,2.02,,,,5.113690,3.276671,8.224145,0.008940,6.384435,-0.600590,1.682,0.038,-1.858,0.087,0.713284,0.014769
E617,2017-08,ETH-1,2.02,,,,5.370637,2.842269,7.706977,0.011093,5.476648,-0.835363,1.972,0.038,-2.291,0.087,0.287245,0.014769
E618,2017-08,ETH-2,2.21,,,,-6.436502,-13.404601,-20.295006,0.009094,-26.843019,-0.370346,-10.017,0.038,-18.445,0.087,0.240272,0.014769
E619,2017-08,MOCOSED_CWuel250,2.04,MOCOSED,Cibicides wuellerstorfi,250-315,4.891176,9.201540,13.865246,0.010054,18.198366,-0.111077,1.226,0.038,4.044,0.087,0.761445,0.014769
E620,2017-08,2FPA1_UviMed560,2.11,2FPA1,Uvigerina mediterranea,> 560,4.134440,7.476473,11.350623,0.009873,15.041484,-0.294310,0.483,0.038,2.327,0.087,0.721040,0.014769
E621,2017-08,ETH-1,2.27,,,,5.424237,2.946751,7.833503,0.011096,5.727914,-1.071378,2.025,0.038,-2.187,0.087,0.249335,0.014769
E624,2017-08,MD08-3179_inflata200,2.13,MD08-3179,G. inflata,200-250,3.857713,5.792838,9.411120,0.009087,11.354274,0.100044,0.250,0.038,0.651,0.087,0.723363,0.014769
E625,2017-08,2FPA1_UviMed250,2.15,2FPA1,Uvigerina mediterranea,250-315,3.752347,7.348617,10.840262,0.008982,14.411098,-0.184440,0.080,0.038,2.201,0.087,0.734076,0.014769
E626,2017-08,ETH-3,2.0,,,,5.152657,3.380442,8.327344,0.009982,6.621880,-0.193280,1.720,0.038,-1.754,0.087,0.666256,0.014769
E627,2017-08,MD00-2360_menardi400,2.14,MD00-2360,G. menardi menardi,400-450,5.244195,4.859111,9.911326,0.009317,9.674734,0.060139,1.763,0.038,-0.282,0.087,0.707028,0.014769
E628,2017-08,MD00-2360_orbulina560,2.06,MD00-2360,Orbulina universa,> 560,5.511673,3.653408,8.983313,0.009362,7.038043,-0.502211,2.093,0.038,-1.483,0.087,0.686701,0.014769
E629,2017-08,MD12-3426_orbulina560,2.03,MD12-3426,Orbulina universa,> 560,5.674729,3.433642,8.929606,0.009221,6.657253,-0.049651,2.275,0.038,-1.702,0.087,0.680186,0.014769
E630,2017-08,MD12-3401_bullo200,2.09,MD12-3401,G. bulloides,200-250,3.887532,6.951845,10.588710,0.009900,13.828008,-0.079174,0.239,0.038,1.806,0.087,0.732314,0.014769
E631,2017-08,2FPA1_UviMed500,2.14,2FPA1,Uvigerina mediterranea,500-560,4.078489,7.389052,11.212776,0.010726,14.747125,-0.143511,0.426,0.038,2.241,0.087,0.728263,0.014769
E632,2017-08,ETH-2,2.01,,,,-6.417936,-13.303193,-20.165746,0.011165,-26.503953,-0.054111,-10.001,0.038,-18.345,0.087,0.254858,0.014769
E633,2017-08,2FPA1_UviMed315,2.03,2FPA1,Uvigerina mediterranea,315-355,3.749201,7.200835,10.688896,0.010063,14.303873,-0.891315,0.082,0.038,2.054,0.087,0.730642,0.014769
E635,2017-08,2FPA1_UviMed450,2.06,2FPA1,Uvigerina mediterranea,450-500,3.971704,7.539345,11.243451,0.009297,15.027362,-0.711568,0.307,0.038,2.390,0.087,0.720439,0.014769
E636,2017-08,MD08-3182_bullo200,2.1,MD08-3182,G. bulloides,200-250,3.401633,6.968566,10.101644,0.010804,13.944069,0.108838,-0.280,0.038,1.823,0.087,0.731465,0.014769
E637,2017-08,MD08-3179_truncaD450,2.15,MD08-3179,G. truncatulinoides (d.),450-500,4.552829,6.168821,10.480124,0.009153,12.146591,-0.775626,0.977,0.038,1.024,0.087,0.700225,0.014769
E638,2017-08,ETH-3,2.15,,,,5.145273,3.343470,8.298192,0.009648,6.636450,-0.581945,1.713,0.038,-1.791,0.087,0.684111,0.014769
E639,2017-08,ETH-3,2.07,,,,5.122033,3.315991,8.259696,0.009252,6.474163,-0.623678,1.689,0.038,-1.818,0.087,0.699153,0.014769
E640,2017-08,MD08-3179_truncaD355,2.1,MD08-3179,G. truncatulinoides (d.),355-400,4.521905,6.054664,10.327720,0.010116,12.184350,-0.083018,0.948,0.038,0.911,0.087,0.690458,0.014769
E641,2017-08,MD08-3179_truncaS400,2.06,MD08-3179,G. truncatulinoides (s.),400-450,4.819942,6.034638,10.615281,0.010607,11.885007,-0.396817,1.267,0.038,0.890,0.087,0.689448,0.014769
E642,2017-08,MD08-3179_inflata200,2.08,MD08-3179,G. inflata,200-250,3.835721,5.784324,9.358421,0.010196,11.541606,0.101524,0.226,0.038,0.643,0.087,0.697426,0.014769
E643,2017-08,2FPA1_UviMed560,2.01,2FPA1,Uvigerina mediterranea,> 560,4.084225,7.427468,11.255579,0.009883,14.736193,-0.133260,0.431,0.038,2.279,0.087,0.727179,0.014769
E645,2017-08,MD12-3401_bullo200,2.11,MD12-3401,G. bulloides,200-250,3.880629,6.854695,10.480795,0.010431,13.573005,-0.940397,0.235,0.038,1.709,0.087,0.725986,0.014769
E646,2017-08,MOCOSED_pachyS250,2.01,MOCOSED,N. pachyderma (s.),250-315,4.303931,7.832665,11.898692,0.009134,15.607967,-1.168217,0.650,0.038,2.682,0.087,0.747781,0.014769
E647,2017-08,2FPA1_UviMed315,2.17,2FPA1,Uvigerina mediterranea,315-355,3.737162,7.237879,10.701499,0.009689,14.434205,0.151276,0.068,0.038,2.091,0.087,0.717038,0.014769
E648,2017-08,ETH-1,2.27,,,,5.463978,3.074847,8.015553,0.010494,5.785148,0.276290,2.063,0.038,-2.059,0.087,0.267384,0.014769
E649,2017-08,MD08-3179_ruber200,2.04,MD08-3179,G. ruber,200-250,4.036182,5.027830,8.803070,0.010349,9.846420,0.284744,0.468,0.038,-0.111,0.087,0.674872,0.014769
E650,2017-08,MD08-3179_truncaD450,2.15,MD08-3179,G. truncatulinoides (d.),450-500,4.529022,6.172352,10.457075,0.010062,12.184588,-0.476592,0.951,0.038,1.028,0.087,0.697937,0.014769
E651,2017-08,2FPA1_UviMed250,2.01,2FPA1,Uvigerina mediterranea,250-315,3.719576,7.322642,10.782282,0.008913,14.526568,-0.234702,0.046,0.038,2.175,0.087,0.735840,0.014769
E652,2017-08,MD00-2360_menardi560,2.08,MD00-2360,G. menardi menardi,> 560,5.274318,4.635823,9.712695,0.007874,9.130715,-0.244475,1.803,0.038,-0.504,0.087,0.695124,0.014769
E653,2017-08,MD02-2577_ruber315,2.02,MD02-2577,G. ruber,315-355,4.944860,3.611699,8.327087,0.009755,7.034020,-0.487708,1.490,0.038,-1.523,0.087,0.649910,0.014769
E654,2017-08,2FPA1_UviMed500,2.17,2FPA1,Uvigerina mediterranea,500-560,3.973357,7.419247,11.113630,0.009440,14.689336,-0.511637,0.313,0.038,2.271,0.087,0.704293,0.014769
E655,2017-08,ETH-3,2.02,,,,5.083721,3.238551,8.149969,0.010498,6.388553,-0.506730,1.651,0.038,-1.895,0.087,0.706363,0.014769
E656,2017-08,MD00-2360_orbulina560,2.1,MD00-2360,Orbulina universa,> 560,5.513479,3.680427,9.008070,0.010616,7.006402,-0.255308,2.093,0.038,-1.456,0.087,0.682242,0.014769
E657,2017-08,2FPA1_UviMed450,2.08,2FPA1,Uvigerina mediterranea,450-500,3.988596,7.446774,11.174023,0.010511,14.884399,-0.095122,0.328,0.038,2.298,0.087,0.725337,0.014769
E658,2017-08,ETH-3,2.06,,,,5.157468,3.339969,8.314435,0.010653,6.495370,-0.487310,1.726,0.038,-1.795,0.087,0.692665,0.014769
E660,2017-08,MD08-3182_bullo200,2.03,MD08-3182,G. bulloides,200-250,3.383286,6.844876,9.957343,0.008613,13.464228,-0.446040,-0.295,0.038,1.700,0.087,0.726912,0.014769
E661,2017-08,MD08-3179_inflata200,2.04,MD08-3179,G. inflata,200-250,3.852250,5.734804,9.322405,0.009708,11.233537,-0.781298,0.246,0.038,0.593,0.087,0.692116,0.014769
E662,2017-08,2FPA1_UviMed355,2.12,2FPA1,Uvigerina mediterranea,355-400,3.841596,7.280269,10.858250,0.011678,14.665399,-0.363452,0.177,0.038,2.133,0.087,0.725422,0.014769
E663,2017-08,ETH-2,2.06,,,,-6.424136,-13.392533,-20.250508,0.011091,-26.589890,-0.700712,-10.004,0.038,-18.434,0.087,0.265281,0.014769
E664,2017-08,ETH-3,2.32,,,,5.192857,3.507789,8.513980,0.008957,6.954502,0.428262,1.758,0.038,-1.628,0.087,0.690086,0.014769
E665,2017-08,ETH-1,2.17,,,,5.426469,3.024445,7.899130,0.010560,5.831031,0.331398,2.025,0.038,-2.109,0.087,0.233531,0.014769
E666,2017-08,ETH-3,2.23,,,,5.164018,3.401510,8.386783,0.009533,6.623778,-0.158254,1.731,0.038,-1.733,0.087,0.698692,0.014769
E667,2017-08,ETH-2,2.06,,,,-6.399550,-13.285754,-20.116619,0.011940,-26.584506,-0.320834,-9.982,0.038,-18.327,0.087,0.271579,0.014769
E668,2017-08,ETH-1,2.2,,,,5.386101,2.944940,7.798892,0.010164,5.594063,-0.541385,1.985,0.038,-2.189,0.087,0.257101,0.014769
E669,2017-08,ETH-3,2.14,,,,5.118338,3.299859,8.223721,0.009257,6.504388,-0.368183,1.686,0.038,-1.834,0.087,0.679576,0.014769
E672,2017-09,ETH-1,2.32,,,,5.445831,3.069130,7.993657,0.009158,5.963621,0.173687,2.045,0.038,-2.037,0.087,0.277027,0.014769
E673,2017-09,ETH-2,2.1,,,,-6.362626,-13.233731,-20.031287,0.009298,-26.316800,0.110980,-9.944,0.038,-18.247,0.087,0.245896,0.014769
E674,2017-09,ETH-3,2.07,,,,5.157903,3.362639,8.341252,0.009612,6.667898,0.088279,1.727,0.038,-1.744,0.087,0.702807,0.014769
E675,2017-09,ETH-1,2.31,,,,5.425207,2.949398,7.820182,0.007945,5.662244,0.076683,2.027,0.038,-2.156,0.087,0.235705,0.014769
E676,2017-09,ETH-2,2.06,,,,-6.395426,-13.307156,-20.133790,0.010316,-26.516075,-0.793353,-9.976,0.038,-18.321,0.087,0.248472,0.014769
E677,2017-09,ETH-3,2.28,,,,5.126065,3.289607,8.227736,0.010174,6.597603,-0.213933,1.696,0.038,-1.816,0.087,0.692155,0.014769
E678,2017-09,ETH-1,2.18,,,,5.387673,2.868905,7.716715,0.008824,5.595037,-0.320512,1.990,0.038,-2.236,0.087,0.252869,0.014769
E679,2017-09,ETH-2,2.18,,,,-6.420439,-13.386283,-20.222158,0.010097,-26.465633,-0.824810,-10.000,0.038,-18.399,0.087,0.265572,0.014769
E680,2017-09,ETH-3,2.08,,,,5.179504,3.469410,8.451420,0.009470,6.865251,0.769819,1.746,0.038,-1.637,0.087,0.682327,0.014769
E681,2017-09,MD08-3179_truncaD355,2.14,MD08-3179,G. truncatulinoides (d.),355-400,4.552667,6.160344,10.478618,0.010284,12.128441,0.564250,0.978,0.038,1.044,0.087,0.716063,0.014769
E682,2017-09,MD12-3426_orbulina560,2.02,MD12-3426,Orbulina universa,> 560,5.709818,3.372518,8.887042,0.010212,6.472731,-0.806886,2.315,0.038,-1.735,0.087,0.663918,0.014769
E683,2017-09,2FPA1_UviMed355,2.15,2FPA1,Uvigerina mediterranea,355-400,3.855992,7.357921,10.934650,0.009665,14.558540,-0.039730,0.191,0.038,2.239,0.087,0.715564,0.014769
E684,2017-09,MD00-2360_orbulina560,2.12,MD00-2360,Orbulina universa,> 560,5.611177,3.517681,8.947586,0.010703,6.933113,0.058965,2.205,0.038,-1.590,0.087,0.687049,0.014769
E685,2017-09,MD08-3179_truncaS400,2.14,MD08-3179,G. truncatulinoides (s.),400-450,4.554710,6.100980,10.407530,0.009041,12.235550,-0.020912,0.983,0.038,0.985,0.087,0.698306,0.014769
E686,2017-09,2FPA1_UviMed250,2.12,2FPA1,Uvigerina mediterranea,250-315,3.668826,7.231040,10.630055,0.010521,14.396625,-0.488702,-0.004,0.038,2.113,0.087,0.731776,0.014769
E687,2017-09,ETH-1,2.27,,,,5.358759,2.819227,7.649027,0.009221,5.424133,0.200355,1.961,0.038,-2.285,0.087,0.265960,0.014769
E688,2017-09,2FPA1_UviMed315,2.04,2FPA1,Uvigerina mediterranea,315-355,3.842230,7.389649,10.954577,0.008930,14.540639,0.582890,0.175,0.038,2.270,0.087,0.719151,0.014769
E689,2017-09,MD08-3179_truncaD450,2.08,MD08-3179,G. truncatulinoides (d.),450-500,4.530703,6.109289,10.397740,0.010394,12.026709,-0.151829,0.957,0.038,0.993,0.087,0.706486,0.014769
E690,2017-09,ETH-3,2.24,,,,5.145955,3.329843,8.305108,0.009285,6.696998,-0.083227,1.715,0.038,-1.776,0.087,0.712894,0.014769
E691,2017-09,2FPA1_UviMed450,2.14,2FPA1,Uvigerina mediterranea,450-500,3.999418,7.330902,11.059428,0.009006,14.552597,-0.727356,0.345,0.038,2.211,0.087,0.719123,0.014769
E692,2017-09,MD00-2360_menardi560,2.18,MD00-2360,G. menardi menardi,> 560,5.204116,4.523101,9.512730,0.008804,8.776987,-0.437027,1.733,0.038,-0.588,0.087,0.681859,0.014769
E693,2017-09,2FPA1_UviMed560,2.06,2FPA1,Uvigerina mediterranea,> 560,4.165880,7.375580,11.294844,0.009492,14.596819,-0.301273,0.521,0.038,2.255,0.087,0.742255,0.014769
E694,2017-09,ETH-2,2.29,,,,-6.432896,-13.395865,-20.257977,0.010091,-26.936061,-0.318239,-10.012,0.038,-18.409,0.087,0.248456,0.014769
E695,2017-09,MD02-2577_ruber315,2.14,MD02-2577,G. ruber,315-355,4.947063,3.601811,8.340006,0.008959,6.925799,-0.151883,1.493,0.038,-1.505,0.087,0.679772,0.014769
E696,2017-09,2FPA1_UviMed500,2.02,2FPA1,Uvigerina mediterranea,500-560,4.122458,7.588282,11.445813,0.010246,15.007492,0.131209,0.467,0.038,2.467,0.087,0.726646,0.014769
E697,2017-09,ETH-1,2.04,,,,5.416407,2.988026,7.874981,0.009452,5.686136,-0.204789,2.017,0.038,-2.117,0.087,0.266697,0.014769
E698,2017-09,2FPA1_UviMed250,2.06,2FPA1,Uvigerina mediterranea,250-315,3.733262,7.342887,10.802000,0.010141,14.646131,0.290113,0.061,0.038,2.224,0.087,0.726375,0.014769
E699,2017-09,2FPA1_UviMed450,2.08,2FPA1,Uvigerina mediterranea,450-500,3.937707,7.392043,11.073072,0.009566,14.683876,0.079042,0.277,0.038,2.272,0.087,0.739931,0.014769
E700,2017-09,ETH-3,2.35,,,,5.134551,3.341476,8.263144,0.010305,6.603864,-0.051301,1.703,0.038,-1.765,0.087,0.662990,0.014769
E701,2017-09,2FPA1_UviMed315,2.14,2FPA1,Uvigerina mediterranea,315-355,3.767630,7.275039,10.794918,0.010336,14.435373,-0.002438,0.100,0.038,2.156,0.087,0.755055,0.014769
E702,2017-09,2FPA1_UviMed500,2.03,2FPA1,Uvigerina mediterranea,500-560,4.000375,7.413901,11.146507,0.008813,14.918667,-0.046895,0.343,0.038,2.294,0.087,0.724577,0.014769
E703,2017-09,MD08-3179_ruber200,2.25,MD08-3179,G. ruber,200-250,4.007932,4.882947,8.648252,0.010033,9.719592,-0.403745,0.444,0.038,-0.227,0.087,0.700656,0.014769
E704,2017-09,2FPA1_UviMed560,2.17,2FPA1,Uvigerina mediterranea,> 560,4.151642,7.513721,11.402917,0.009082,14.917193,-0.540712,0.500,0.038,2.393,0.087,0.726837,0.014769
E705,2017-09,MD12-3426_orbulina560,2.1,MD12-3426,Orbulina universa,> 560,5.711181,3.306038,8.840868,0.010588,6.420305,0.497650,2.319,0.038,-1.801,0.087,0.685281,0.014769
E706,2017-09,2FPA1_UviMed355,2.13,2FPA1,Uvigerina mediterranea,355-400,3.865082,7.366590,10.974034,0.009279,14.610879,0.322131,0.200,0.038,2.247,0.087,0.741216,0.014769
E707,2017-09,ETH-2,2.2,,,,-6.405481,-13.288264,-20.104963,0.010294,-26.452864,0.074788,-9.987,0.038,-18.302,0.087,0.273917,0.014769
E710,2017-09,ETH-3,2.29,,,,5.102400,3.223279,8.134801,0.009342,6.207462,0.148570,1.673,0.038,-1.882,0.087,0.688169,0.014769
E711,2017-09,MD08-3179_inflata400,2.24,MD08-3179,G. inflata,400-450,4.466135,6.038762,10.263196,0.010027,12.157234,-0.533194,0.890,0.038,0.923,0.087,0.708233,0.014769
